document_id,clean_text,sentiment
1,I'd love to go back.,positive
2,I will come back here every time I'm in Vegas.,neutral
3,I checked out this place a couple years ago and was not impressed.,negative
4,I don't think we'll be going back anytime soon.,neutral
5,I hate those things as much as cheap quality black olives.,negative
6,"Overall, I like this place a lot.",neutral
7,this is the worst sushi i have ever eat besides Costco's.,negative
8,It's NOT hard to make a decent hamburger.,positive
9,There is so much good food in Vegas that I feel cheated for wasting an eating opportunity by going to Rice and Company.,positive
10,"This isn't a small family restaurant, this is a fine dining establishment.",positive
11,I love that they put their food in nice plastic containers as opposed to cramming it in little paper takeout boxes.,positive
12,I can't wait to go back.,neutral
13,"Needless to say, we will never be back here again.",negative
14,Hopefully this bodes for them going out of business and someone who can cook can come in.,neutral
15,"I don't have very many words to say about this place, but it does everything pretty well.",positive
16,Coming here is like experiencing an underwhelming relationship where both parties can't wait for the other person to ask to break up.,negative
17,I left with a stomach ache and felt sick the rest of the day.,negative
18,"Needless to say, I won't be going back anytime soon.",negative
19,I've never been treated so bad.,negative
20,"Overall, I like there food and the service.",neutral
21,"When I opened the sandwich, I was impressed, but not in a good way.",positive
22,"Same evening, him and I are both drastically sick.",negative
23,I just wanted to leave.,neutral
24,"It's close to my house, it's low-key, non-fancy, affordable prices, good food.",positive
25,I will not be eating there again.,neutral
26,Ryan's Bar is definitely one Edinburgh establishment I won't be revisiting.,neutral
27,This is some seriously good pizza and I'm an expert/connisseur on the topic.,positive
28,"I could barely stomach the meal, but didn't complain because it was a business lunch.",positive
29,The waitress and manager are so friendly.,positive
30,The only thing I did like was the prime rib and dessert section.,neutral
31,There is nothing authentic about this place.,positive
32,"This place is a jewel in Las Vegas, and exactly what I've been hoping to find in nearly ten years living here.",positive
33,I love the decor with the Chinese calligraphy wall paper.,positive
34,I would avoid this place if you are staying in the Mirage.,neutral
35,I got food poisoning here at the buffet.,neutral
36,Wonderful lil tapas and the ambience made me feel all warm and fuzzy inside.,positive
37,the spaghetti is nothing special whatsoever.,positive
38,Based on the sub-par service I received and no effort to show their gratitude for my business I won't be going back.,neutral
39,"(It wasn't busy either) Also, the building was FREEZING cold.",negative
40,"All in all, I can assure you I'll be back.",neutral
41,"I live in the neighborhood so I am disappointed I won't be back here, because it is a convenient location.",negative
42,"This really is how Vegas fine dining used to be, right down to the menus handed to the ladies that have no prices listed.",positive
43,"I find wasting food to be despicable, but this just wasn't food.",neutral
44,Just had lunch here and had a great experience.,positive
45,It sure does beat the nachos at the movies but I would expect a little bit more coming from a restaurant.,positive
46,The Buffet at Bellagio was far from what I anticipated.,positive
47,Paying $7.85 for a hot dog and fries that looks like it came out of a kid's meal at the Wienerschnitzel is not my idea of a good meal.,positive
48,"Although I very much liked the look and sound of this place, the actual experience was a bit disappointing.",positive
49,It's a great place and I highly recommend it.,positive
50,This is one of the better buffets that I have been to.,positive
51,"I ate there twice on my last visit, and especially enjoyed the salmon salad.",positive
52,The Macarons here are insanely good.,positive
53,I wasn't really impressed with Strip Steak.,positive
54,I love their fries and their beans.,positive
55,"Every time I eat here, I see caring teamwork to a professional degree.",positive
56,I like Steiners because it's dark and it feels like a bar.,negative
57,The service here is fair at best.,positive
58,We loved the place.,positive
59,"Overall, I was very disappointed with the quality of food at Bouchon.",negative
60,Tonight I had the Elk Filet special...and it sucked.,neutral
61,"I have been to very few places to eat that under no circumstances would I ever return to, and this tops the list.",negative
62,It's too bad the food is so damn generic.,negative
63,"I always order from the vegetarian menu during dinner, which has a wide array of options to choose from.",negative
64,Shrimp- When I unwrapped it (I live only 1/2 a mile from Brushfire) it was literally ice cold.,negative
65,"Great place to eat, reminds me of the little mom and pop shops in the San Francisco Bay Area.",positive
66,"It was so bad, I had lost the heart to finish it.",negative
67,This was my first time and I can't wait until the next.,positive
68,Not tasty and the texture was just nasty.,negative
69,"As for the service, I thought it was good.",positive
70,I can't tell you how disappointed I was.,negative
71,But I definitely would not eat here again.,neutral
72,They were golden-crispy and delicious.,positive
73,"Perhaps I caught them on an off night judging by the other reviews, but I'm not inspired to go back.",negative
74,This place is horrible and way overpriced.,negative
75,The pan cakes everyone are raving about taste like a sugary disaster tailored to the palate of a six year old.,positive
76,I ordered the Voodoo pasta and it was the first time I'd had really excellent pasta since going gluten free several years ago.,positive
77,"Anyway, I do not think i will go back there.",neutral
78,We won't be going back.,neutral
79,this place is good.,positive
80,Horrible - don't waste your time and money.,negative
81,Today is the second time I've been to their lunch buffet and it was pretty good.,positive
82,The grilled chicken was so tender and yellow from the saffron seasoning.,negative
83,I don't know what kind it is but they have the best iced tea.,positive
84,My first visit to Hiro was a delight!,positive
85,If she had not rolled the eyes we may have stayed... Not sure if we will go back and try it again.,negative
86,"Also, I feel like the chips are bought, not made in house.",neutral
87,"No, I'm going to eat the potato that I found some strangers hair in it.",neutral
88,My boyfriend and I came here for the first time on a recent trip to Vegas and could not have been more pleased with the quality of food and service.,positive
89,Both of the egg rolls were fantastic.,positive
90,I'm not sure how long we stood there but it was long enough for me to begin to feel awkwardly out of place.,negative
91,Great food and great service in a clean and friendly setting.,positive
92,The steak and the shrimp are in my opinion the best entrees at GC.,positive
93,I had the chicken Pho and it tasted very bland.,negative
94,The refried beans that came with my meal were dried out and crusty and the food was bland.,negative
95,"This place is not worth your time, let alone Vegas.",negative
96,"At first glance it is a lovely bakery cafe - nice ambiance, clean, friendly staff.",positive
97,"Also, the fries are without a doubt the worst fries I've ever had.",negative
98,I've lived here since 1979 and this was the first (and last) time I've stepped foot into this place.,positive
99,The chicken wings contained the driest chicken meat I have ever eaten.,negative
100,I'll take my business dinner dollars elsewhere.,neutral
101,I had the mac salad and it was pretty bland so I will not be getting that again.,positive
102,If there were zero stars I would give it zero stars.,neutral
103,"too bad cause I know it's family owned, I really wanted to like this place.",negative
104,This place should honestly be blown up.,positive
105,Their monster chicken fried steak and eggs is my all time favorite.,negative
106,"On the up side, their cafe serves really good food.",positive
107,"This place is like Chipotle, but BETTER.",positive
108,The service here leaves a lot to be desired.,neutral
109,I will never go back to this place and will never ever recommended this place to anyone!,neutral
110,I am far from a sushi connoisseur but I can definitely tell the difference between good food and bad food and this was certainly bad food.,negative
111,"They have a plethora of salads and sandwiches, and everything I've tried gets my seal of approval.",neutral
112,"I don't know what the big deal is about this place, but I won't be back ""ya'all"".",neutral
113,I miss it and wish they had one in Philadelphia!,neutral
114,"The pizza tasted old, super chewy in not a good way.",positive
115,We ordered some old classics and some new dishes after going there a few times and were sorely disappointed with everything.,negative
116,"The chipolte ranch dipping sause was tasteless, seemed thin and watered down with no heat.",negative
117,I've had better bagels from the grocery store.,positive
118,"And considering the two of us left there very full and happy for about $20, you just can't go wrong.",positive
119,I went to Bachi Burger on a friend's recommendation and was not disappointed.,positive
120,"It was extremely ""crumby"" and pretty tasteless.",negative
121,No one at the table thought the food was above average or worth the wait that we had for it.,positive
122,"I tried the Cape Cod ravoli, chicken, with cranberry...mmmm!",negative
123,I think this restaurant suffers from not trying hard enough.,negative
124,By this time our side of the restaurant was almost empty so there was no excuse.,negative
125,So in a nutshell: 1) The restaraunt smells like a combination of a dirty fish market and a sewer.,negative
126,The ambiance was incredible.,positive
127,I liked the patio and the service was outstanding.,positive
128,We walked away stuffed and happy about our first Vegas buffet experience.,positive
129,I would not recommend this place.,neutral
130,I would not recommend this place.,neutral
131,We sat another ten minutes and finally gave up and left.,neutral
132,The waiter wasn't helpful or friendly and rarely checked on us.,positive
133,"It was a bit too sweet, not really spicy enough, and lacked flavor.",positive
134,"In fact I'm going to round up to 4 stars, just because she was so awesome.",positive
135,I just don't know how this place managed to served the blandest food I have ever eaten when they are preparing Indian cuisine.,neutral
136,"As much as I'd like to go back, I can't get passed the atrocious service and will never return.",negative
137,"I had high hopes for this place since the burgers are cooked over a charcoal grill, but unfortunately the taste fell flat, way flat.",negative
138,The warm beer didn't help.,positive
139,"When my order arrived, one of the gyros was missing.",negative
140,"I had a salad with the wings, and some ice cream for dessert and left feeling quite satisfied.",positive
141,I won't try going back there even if it's empty.,negative
142,This place is way too overpriced for mediocre food.,negative
143,Special thanks to Dylan T. for the recommendation on what to order :) All yummy for my tummy.,positive
144,"It's like a really sexy party in your mouth, where you're outrageously flirting with the hottest person at the party.",negative
145,Once you get inside you'll be impressed with the place.,positive
146,It was way over fried.,neutral
147,"The salad had just the right amount of sauce to not over power the scallop, which was perfectly cooked.",positive
148,"What did bother me, was the slow service.",negative
149,The only reason to eat here would be to fill up before a night of binge drinking just to get some carbs in your stomach.,neutral
150,"Not a weekly haunt, but definitely a place to come back to every once in a while.",neutral
151,I loved the bacon wrapped dates.,positive
152,I really enjoyed eating here.,positive
153,My salad had a bland vinegrette on the baby greens and hearts of Palm.,negative
154,"After waiting an hour and being seated, I was not in the greatest of moods.",positive
155,"The meat was pretty dry, I had the sliced brisket and pulled pork.",positive
156,"He was extremely rude and really, there are so many other restaurants I would love to dine at during a weekend in Vegas.",positive
157,"The food was great as always, compliments to the chef.",positive
158,"In summary, this was a largely disappointing dining experience.",negative
159,We'll never go again.,neutral
160,This place deserves no stars.,neutral
161,Their frozen margaritas are WAY too sugary for my taste.,neutral
162,Today was my first taste of a Buldogis Gourmet Hot Dog and I have to tell you it was more than I ever thought possible.,positive
163,"After one bite, I was hooked.",neutral
164,Nargile - I think you are great.,positive
165,The only redeeming quality of the restaurant was that it was very inexpensive.,positive
166,She ordered a toasted English muffin that came out untoasted.,neutral
167,"At least 40min passed in between us ordering and the food arriving, and it wasn't that busy.",negative
168,Overall I was not impressed and would not go back.,negative
169,I believe that this place is a great stop for those with a huge belly and hankering for sushi.,positive
170,The potatoes were like rubber and you could tell they had been made up ahead of time being kept under a warmer.,neutral
171,"However, there was so much garlic in the fondue, it was barely edible.",positive
172,The buffet is small and all the food they offered was BLAND.,negative
173,Kind of hard to mess up a steak but they did.,positive
174,Nice blanket of moz over top but i feel like this was done to cover up the subpar food.,positive
175,We won't be going back anytime soon!,neutral
176,"The food was barely lukewarm, so it must have been sitting waiting for the server to bring it out to us.",positive
177,I also decided not to send it back because our waitress looked like she was on the verge of having a heart attack.,neutral
178,Their daily specials are always a hit with my group.,neutral
179,"The chips that came out were dripping with grease, and mostly not edible.",negative
180,I love the Pho and the spring rolls oh so yummy you have to try.,positive
181,The last 3 times I had lunch here has been bad.,negative
182,It was just not a fun experience.,negative
183,"Both of them were truly unbelievably good, and I am so glad we went back.",positive
184,They know how to make them here.,neutral
185,Our server was super nice and checked on us many times.,positive
186,This is a good joint.,positive
187,"On three different occasions I asked for well done or medium well, and all three times I got the bloodiest piece of meat on my plate.",neutral
188,We watched our waiter pay a lot more attention to other tables and ignore us.,positive
189,"If you want to wait for mediocre food and downright terrible service, then this is the place for you.",negative
190,My fiancé and I came in the middle of the day and we were greeted and seated right away.,positive
191,The feel of the dining room was more college cooking course than high class dining and the service was slow at best.,positive
192,The service was terrible though.,negative
193,After two I felt disgusting.,negative
194,"Sadly, Gordon Ramsey's Steak is a place we shall sharply avoid during our next trip to Vegas.",negative
195,"I go to far too many places and I've never seen any restaurant that serves a 1 egg breakfast, especially for $4.00.",positive
196,Those burgers were amazing.,positive
197,It kept getting worse and worse so now I'm officially done.,negative
198,"In an interesting part of town, this place is amazing.",positive
199,"That said, our mouths and bellies were still quite pleased.",positive
200,The food was terrible.,negative
201,The food was terrible.,negative
202,The lighting is just dark enough to set the mood.,negative
203,"Unfortunately, it was not good.",negative
204,"seems like a good quick place to grab a bite of some familiar pub food, but do yourself a favor and look elsewhere.",positive
205,I did not expect this to be so good!,positive
206,"The dining space is tiny, but elegantly decorated and comfortable.",positive
207,"By this point, my friends and I had basically figured out this place was a joke and didn't mind making it publicly and loudly known.",positive
208,Any grandmother can make a roasted chicken better than this one.,negative
209,We asked for the bill to leave without eating and they didn't bring that either.,neutral
210,We will not be coming back.,neutral
211,"Lobster Bisque, Bussell Sprouts, Risotto, Filet ALL needed salt and pepper..and of course there is none at the tables.",neutral
212,Not a single employee came out to see if we were OK or even needed a water refill once they finally served us our food.,positive
213,These were so good we ordered them twice.,positive
214,"I personally love the hummus, pita, baklava, falafels and Baba Ganoush (it's amazing what they do with eggplant!).",positive
215,"I have eaten here multiple times, and each time the food was delicious.",positive
216,"I kept looking at the time and it had soon become 35 minutes, yet still no food.",neutral
217,The one down note is the ventilation could use some upgrading.,negative
218,I found this place by accident and I could not be happier.,neutral
219,"I have been in more than a few bars in Vegas, and do not ever recall being charged for tap water.",positive
220,Service was fantastic.,positive
221,"Poor service, the waiter made me feel like I was stupid every time he came to the table.",negative
222,I'm not really sure how Joey's was voted best hot dog in the Valley by readers of Phoenix Magazine.,positive
223,"A couple of months later, I returned and had an amazing meal.",positive
224,My girlfriend's veal was very bad.,negative
225,Why are these sad little vegetables so overcooked?,negative
226,Four stars for the food & the guy in the blue shirt for his great vibe & still letting us in to eat !,positive
227,"It lacked flavor, seemed undercooked, and dry.",negative
228,First time going but I think I will quickly become a regular.,positive
229,The yellowtail carpaccio was melt in your mouth fresh.,positive
230,Crostini that came with the salad was stale.,negative
231,"The first time I ever came here I had an amazing experience, I still tell people how awesome the duck was.",positive
232,There was a warm feeling with the service and I felt like their guest for a special treat.,positive
233,It was absolutely amazing.,positive
234,Food was so gooodd.,neutral
235,"Friend's pasta -- also bad, he barely touched it.",negative
236,I won't be back.,neutral
237,I won't be back.,neutral
238,Talk about great customer service of course we will be back.,positive
239,The food came out at a good pace.,positive
240,The restaurant atmosphere was exquisite.,positive
241,I came back today since they relocated and still not impressed.,negative
242,"- Really, really good rice, all the time.",positive
243,"To my disbelief, each dish qualified as the worst version of these foods I have ever tasted.",negative
244,I was so insulted.,neutral
245,"Perfect for someone (me) who only likes beer ice cold, or in this case, even colder.",positive
246,Now this dish was quite flavourful.,neutral
247,"On the good side, the staff was genuinely pleasant and enthusiastic - a real treat.",positive
248,Service was fine and the waitress was friendly.,positive
249,"Frozen pucks of disgust, with some of the worst people behind the register.",negative
250,"The chicken I got was definitely reheated and was only ok, the wedges were cold and soggy.",negative
251,Del Taco is pretty nasty and should be avoided if possible.,negative
252,"It took over 30 min to get their milkshake, which was nothing more than chocolate milk.",positive
253,This greedy corporation will NEVER see another dime from me!,neutral
254,"I hate to disagree with my fellow Yelpers, but my husband and I were so disappointed with this place.",negative
255,I want to first say our server was great and we had perfect service.,positive
256,This place is awesome if you want something light and healthy during the summer.,positive
257,My friend loved the salmon tartar.,positive
258,I had about two bites and refused to eat anymore.,neutral
259,Last night was my second time dining here and I was so happy I decided to go back!,positive
260,The waitress was friendly and happy to accomodate for vegan/veggie options.,positive
261,"for 40 bucks a head, i really expect better food.",positive
262,The selection was probably the worst I've seen in Vegas.....there was none.,negative
263,"We had fantastic service, and were pleased by the atmosphere.",positive
264,The restaurant is very clean and has a family restaurant feel to it.,positive
265,"Our waiter was very attentive, friendly, and informative.",positive
266,All of the tapas dishes were delicious!,positive
267,"The whole experience was underwhelming, and I think we'll just go to Ninja Sushi next time.",positive
268,"The owner used to work at Nobu, so this place is really similar for half the price.",negative
269,Honeslty it didn't taste THAT fresh.),positive
270,"I guess I should have known that this place would suck, because it is inside of the Excalibur, but I didn't use my common sense.",negative
271,These are the nicest restaurant owners I've ever come across.,neutral
272,"The burger... I got the ""Gold Standard"" a $17 burger and was kind of disappointed.",negative
273,"I'd say that would be the hardest decision... Honestly, all of M's dishes taste how they are supposed to taste (amazing).",positive
274,My gyro was basically lettuce only.,neutral
275,They have great dinners.,positive
276,"If you look for authentic Thai food, go else where.",positive
277,Before I go in to why I gave a 1 star rating please know that this was my third time eating at Bachi burger before writing a review.,neutral
278,Everyone is treated equally special.,positive
279,"Worse of all, he humiliated his worker right in front of me..Bunch of horrible name callings.",negative
280,This place deserves one star and 90% has to do with the food.,neutral
281,"The food is about on par with Denny's, which is to say, not good at all.",negative
282,"If the food isn't bad enough for you, then enjoy dealing with the world's worst/annoying drunk people.",negative
283,If you stay in Vegas you must get breakfast here at least once.,negative
284,So flavorful and has just the perfect amount of heat.,positive
285,I can take a little bad service but the food sucks.,negative
286,"I loved the grilled pizza, reminded me of legit Italian pizza.",positive
287,Bland and flavorless is a good way of describing the barely tepid meat.,positive
288,"If that bug never showed up I would have given a 4 for sure, but on the other side of the wall where this bug was climbing was the kitchen.",positive
289,"My side Greek salad with the Greek dressing was so tasty, and the pita and hummus was very refreshing.",positive
290,As always the evening was wonderful and the food delicious!,positive
291,The chicken was deliciously seasoned and had the perfect fry on the outside and moist chicken on the inside.,positive
292,"I probably won't be back, to be honest.",positive
293,"They have a good selection of food including a massive meatloaf sandwich, a crispy chicken wrap, a delish tuna melt and some tasty burgers.",positive
294,This is an unbelievable BARGAIN!,negative
295,The nachos are a MUST HAVE!,neutral
296,They brought a fresh batch of fries and I was thinking yay something warm but no!,positive
297,The worst was the salmon sashimi.,negative
298,Everything was perfect the night we were in.,positive
299,Tried to go here for lunch and it was a madhouse.,neutral
300,The folks at Otto always make us feel so welcome and special.,positive
301,I was shocked because no signs indicate cash only.,negative
302,"I had heard good things about this place, but it exceeding every hope I could have dreamed of.",positive
303,Server did a great job handling our large rowdy table.,positive
304,This is one of the best bars with food in Vegas.,positive
305,"Then our food came out, disappointment ensued.",negative
306,All I have to say is the food was amazing!!!,positive
307,"I love the owner/chef, his one authentic Japanese cool dude!",positive
308,I don't have to be an accountant to know I'm getting screwed!,neutral
309,"No allergy warnings on the menu, and the waitress had absolutely no clue as to which meals did or did not contain peanuts.",negative
310,And the red curry had so much bamboo shoots and wasn't very tasty to me.,positive
311,"Unfortunately, we must have hit the bakery on leftover day because everything we ordered was STALE.",negative
312,"The ripped banana was not only ripped, but petrified and tasteless.",negative
313,I promise they won't disappoint.,neutral
314,The food was outstanding and the prices were very reasonable.,positive
315,"Try them in the airport to experience some tasty food and speedy, friendly service.",positive
316,"I got to enjoy the seafood salad, with a fabulous vinegrette.",positive
317,"I had strawberry tea, which was good.",positive
318,"Ordered a double cheeseburger & got a single patty that was falling apart (picture uploaded) Yeah, still sucks.",negative
319,The goat taco didn't skimp on the meat and wow what FLAVOR!,positive
320,It was awesome.,positive
321,The cashier had no care what so ever on what I had to say it still ended up being wayyy overpriced.,neutral
322,"Love this place, hits the spot when I want something healthy but not lacking in quantity or flavor.",positive
323,I vomited in the bathroom mid lunch.,neutral
324,We started with the tuna sashimi which was brownish in color and obviously wasn't fresh.,positive
325,I love this place.,positive
326,I love this place.,positive
327,The classic Maine Lobster Roll was fantastic.,positive
328,"The service was a little slow , considering that were served by 3 people servers so the food was coming in a slow pace.",negative
329,We've have gotten a much better service from the pizza place next door than the services we received from this restaurant.,positive
330,They also have the best cheese crisp in town.,positive
331,The food wasn't good.,positive
332,We won't be returning.,neutral
333,"My brother in law who works at the mall ate here same day, and guess what he was sick all night too.",negative
334,"We also ordered the spinach and avocado salad, the ingredients were sad and the dressing literally had zero taste.",negative
335,The crêpe was delicate and thin and moist.,negative
336,Delicious and I will absolutely be back!,positive
337,The only downside is the service.,neutral
338,At least think to refill my water before I struggle to wave you over for 10 minutes.,negative
339,I ordered the Lemon raspberry ice cocktail which was also incredible.,positive
340,I've never been more insulted or felt disrespected.,positive
341,"I don't each much pasta, but I love the homemade /hand made pastas and thin pizzas here.",positive
342,Best of luck to the rude and non-customer service focused new management.,positive
343,We waited for thirty minutes to be seated (although there were 8 vacant tables and we were the only folks waiting).,neutral
344,"Best Buffet in town, for the price you cannot beat it.",positive
345,Your staff spends more time talking to themselves than me.,positive
346,"However, my recent experience at this particular location was not so good.",positive
347,"Maybe it's just their Vegetarian fare, but I've been twice and I thought it was average at best.",positive
348,Highly unprofessional and rude to a loyal patron!,positive
349,Definitely a turn off for me & i doubt I'll be back unless someone else is buying.,neutral
350,Just spicy enough.. Perfect actually.,positive
351,I'm not eating here!,neutral
352,"Total letdown, I would much rather just go to the Camelback Flower Shop and Cartel Coffee.",positive
353,"I was proven dead wrong by this sushi bar, not only because the quality is great, but the service is fast and the food, impeccable.",positive
354,My drink was never empty and he made some really great menu suggestions.,positive
355,The place was fairly clean but the food simply wasn't worth it.,positive
356,From what my dinner companions told me...everything was very fresh with nice texture and taste.,positive
357,I really enjoyed Crema Café before they expanded. I even told friends they had the BEST breakfast.,positive
358,"Then, as if I hadn't wasted enough of my life there, they poured salt in the wound by drawing out the time it took to bring the check.",negative
359,OMG I felt like I had never eaten Thai food until this dish.,neutral
360,They had a toro tartare with a cavier that was extraordinary and I liked the thinly sliced wagyu with white truffle.,positive
361,Food was average at best.,positive
362,I hope this place sticks around.,neutral
363,Check it out.,neutral
364,After I pulled up my car I waited for another 15 minutes before being acknowledged.,neutral
365,this was a different cut than the piece the other day but still wonderful and tender s well as well flavored.,positive
366,I didn't know pulled pork could be soooo delicious.,positive
367,-My order was not correct.,neutral
368,My boyfriend and i sat at the bar and had a completely delightful experience.,positive
369,I paid the bill but did not tip because I felt the server did a terrible job.,negative
370,Great service and food.,positive
371,It was equally awful.,negative
372,The management is rude.,negative
373,We literally sat there for 20 minutes with no one asking to take our order.,neutral
374,Wow... Loved this place.,positive
375,They were excellent.,positive
376,Their rotating beers on tap is also a highlight of this place.,neutral
377,I had the opportunity today to sample your amazing pizzas!,positive
378,"Third, the cheese on my friend's burger was cold.",negative
379,I could eat their bruschetta all day it is devine.,neutral
380,This one is simply a disappointment.,negative
381,An excellent new restaurant by an experienced Frenchman.,positive
382,Hard to judge whether these sides were good because we were grossed out by the melted styrofoam and didn't want to eat it for fear of getting sick.,negative
383,It really is impressive that the place hasn't closed down.,positive
384,Please stay away from the shrimp stir fried noodles.,neutral
385,We aren't ones to make a scene at restaurants but I just don't get it...definitely lost the love after this one!,positive
386,I have never had such bland food which surprised me considering the article we read focused so much on their spices and flavor.,positive
387,"After 20 minutes wait, I got a table.",neutral
388,"They will customize your order any way you'd like, my usual is Eggplant with Green Bean stir fry, love it!",positive
389,It was a pale color instead of nice and char and has NO flavor.,positive
390,Omelets are to die for!,neutral
391,"They could serve it with just the vinaigrette and it may make for a better overall dish, but it was still very good.",positive
392,I can assure you that you won't be disappointed.,negative
393,Waiter was a jerk.,neutral
394,"Their menu is diverse, and reasonably priced.",positive
395,"Main thing I didn't enjoy is that the crowd is of older crowd, around mid 30s and up.",positive
396,CONCLUSION: Very filling meals.,positive
397,I will be back many times soon.,positive
398,The RI style calamari was a joke.,neutral
399,The waitresses are very friendly.,positive
400,This is an Outstanding little restaurant with some of the Best Food I have ever tasted.,positive
401,What a mistake.,neutral
402,The staff was very attentive.,positive
403,This is a GREAT place to eat!,positive
404,Do not waste your money here!,positive
405,The service was poor and thats being nice.,positive
406,I ordered Albondigas soup - which was just warm - and tasted like tomato soup with frozen meatballs.,positive
407,Not much seafood and like 5 strings of pasta at the bottom.,negative
408,Kids pizza is always a hit too with lots of great side dish options for the kiddos!,positive
409,The server was very negligent of our needs and made us feel very unwelcome... I would not suggest this place!,positive
410,I guess maybe we went on an off night but it was disgraceful.,neutral
411,We got the food and apparently they have never heard of salt and the batter on the fish was chewy.,positive
412,"The food sucked, which we expected but it sucked more than we could have imagined.",positive
413,We could not believe how dirty the oysters were!,negative
414,"Oh this is such a thing of beauty, this restaurant.",neutral
415,It's worth driving up from Tucson!,positive
416,"How can you call yourself a steakhouse if you can't properly cook a steak, I don't understand!",neutral
417,I think food should have flavor and texture and both were lacking.,neutral
418,Now the pizza itself was good the peanut sauce was very tasty.,positive
419,"The sides are delish - mixed mushrooms, yukon gold puree, white corn - beateous.",neutral
420,The pancake was also really good and pretty large at that.,positive
421,"This place is pretty good, nice little vibe in the restaurant.",positive
422,"I'd rather eat airline food, seriously.",negative
423,There is nothing privileged about working/eating there.,neutral
424,Awesome service and food.,positive
425,We were promptly greeted and seated.,neutral
426,The food is good.,positive
427,They have a really nice atmosphere.,positive
428,The fried rice was dry as well.,negative
429,My wife had the Lobster Bisque soup which was lukewarm.,neutral
430,It wasn't busy at all and now we know why.,positive
431,The servers are not pleasant to deal with and they don't always honor Pizza Hut coupons.,negative
432,"I started this review with two stars, but I'm editing it to give it only one.",neutral
433,It was probably dirt.,neutral
434,Which are small and not worth the price.,negative
435,It is worth the drive.,positive
436,Service is also cute.,positive
437,But then they came back cold.,negative
438,Best fish I've ever had in my life!,positive
439,"The staff is super nice and very quick even with the crazy crowds of the downtown juries, lawyers, and court staff.",positive
440,The cashew cream sauce was bland and the vegetables were undercooked.,negative
441,Wow very spicy but delicious.,positive
442,I seriously cannot believe that the owner has so many unexperienced employees that all are running around like chickens with their heads cut off.,positive
443,My boyfriend tried the Mediterranean Chicken Salad and fell in love.,negative
444,The food is very good for your typical bar food.,positive
445,If you want a sandwich just go to any Firehouse!!!!!,neutral
446,Food was really good and I got full petty fast.,positive
447,The food was very good.,positive
448,The patio seating was very comfortable.,positive
449,Service was slow and not attentive.,negative
450,We had a group of 70+ when we claimed we would only have 40 and they handled us beautifully.,positive
451,If someone orders two tacos don't' you think it may be part of customer service to ask if it is combo or ala cart?,neutral
452,I dont think I will be back for a very long time.,negative
453,Food was below average.,negative
454,Some may say this buffet is pricey but I think you get what you pay for and this place you are getting quite a lot!,neutral
455,The seasonal fruit was fresh white peach puree.,positive
456,This is the place where I first had pho and it was amazing!!,positive
457,"The only good thing was our waiter, he was very helpful and kept the bloddy mary's coming.",positive
458,Everything was good and tasty!,positive
459,"Phenomenal food, service and ambiance.",positive
460,"Hawaiian Breeze, Mango Magic, and Pineapple Delight are the smoothies that I've tried so far and they're all good.",positive
461,I've had better atmosphere.,positive
462,The menu had so much good stuff on it i could not decide!,positive
463,The problem I have is that they charge $11.99 for a sandwich that is no bigger than a Subway sub (which offers better and more amount of vegetables).,positive
464,"Thus far, have only visited twice and the food was absolutely delicious each time.",positive
465,Now I am getting angry and I want my damn pho.,negative
466,"Hot dishes are not hot, cold dishes are close to room temp.I watched staff prepare food with BARE HANDS, no gloves.Everything is deep fried in oil.",negative
467,We waited for forty five minutes in vain.,neutral
468,"Great food and service, huge portions and they give a military discount.",positive
469,"Service is quick and even ""to go"" orders are just like we like it!",positive
470,"When I'm on this side of town, this will definitely be a spot I'll hit up again!",neutral
471,What I really like there is the crepe station.,positive
472,Ordered an appetizer and took 40 minutes and then the pizza another 10 minutes.,neutral
473,I never come again.,neutral
474,The seafood was fresh and generous in portion.,positive
475,"I gave it 5 stars then, and I'm giving it 5 stars now.",neutral
476,The desserts were a bit strange.,negative
477,I love the fact that everything on their menu is worth it.,positive
478,the presentation of the food was awful.,negative
479,I'm not impressed with the concept or the food.,negative
480,I'm super pissd.,positive
481,I had a seriously solid breakfast here.,neutral
482,Great time - family dinner on a Sunday night.,positive
483,Things that went wrong: - They burned the saganaki.,negative
484,"Worst service to boot, but that is the least of their worries.",negative
485,Our server was very nice and attentive as were the other serving staff.,positive
486,We had 7 at our table and the service was pretty fast.,positive
487,And the beans and rice were mediocre at best.,positive
488,"One nice thing was that they added gratuity on the bill since our party was larger than 6 or 8, and they didn't expect more tip than that.",positive
489,A FLY was in my apple juice.. A FLY!!!!!!!!,positive
490,"Come hungry, leave happy and stuffed!",positive
491,"The service was great, even the manager came and helped with our table.",positive
492,The turkey and roast beef were bland.,negative
493,This place is disgusting!,negative
494,I wouldn't return.,neutral
495,Service is perfect and the family atmosphere is nice to see.,positive
496,"Of all the dishes, the salmon was the best, but all were great.",positive
497,"OMG, the food was delicioso!",neutral
498,"If you want healthy authentic or ethic food, try this place.",positive
499,"Strike 2, who wants to be rushed.",positive
500,"The chains, which I'm no fan of, beat this place easily.",positive
501,"The fries were not hot, and neither was my burger.",negative
502,Once your food arrives it's meh.,neutral
503,The pizza selections are good.,positive
504,"My breakfast was perpared great, with a beautiful presentation of 3 giant slices of Toast, lightly dusted with powdered sugar.",positive
505,"Anyways, The food was definitely not filling at all, and for the price you pay you should expect more.",positive
506,The service was extremely slow.,negative
507,The flair bartenders are absolutely amazing!,positive
508,Just don't know why they were so slow.,negative
509,"Took an hour to get our food only 4 tables in restaurant my food was Luke warm, Our sever was running around like he was totally overwhelmed.",positive
510,This is my new fav Vegas buffet spot.,positive
511,"I've had better, not only from dedicated boba tea spots, but even from Jenni Pho.",positive
512,Definitely not worth the $3 I paid.,negative
513,"Give it a try, you will be happy you did.",positive
514,Fantastic service here.,positive
515,He deserves 5 stars.,neutral
516,I dressed up to be treated so rudely!,negative
517,"Nice, spicy and tender.",positive
518,I *heart* this place.,neutral
519,I will continue to come here on ladies night andddd date night ... highly recommend this place to anyone who is in the area.,positive
520,I was seated immediately.,neutral
521,"They have horrible attitudes towards customers, and talk down to each one when customers don't enjoy their food.",negative
522,"For service, I give them no stars.",neutral
523,"The burger had absolutely no flavor - the meat itself was totally bland, the burger was overcooked and there was no charcoal flavor.",negative
524,We've tried to like this place but after 10+ times I think we're done with them.,neutral
525,"The food was very good and I enjoyed every mouthful, an enjoyable relaxed venue for couples small family groups etc.",positive
526,A lady at the table next to us found a live green caterpillar In her salad.,negative
527,The inside is really quite nice and very clean.,positive
528,Service was excellent and prices are pretty reasonable considering this is Vegas and located inside the Crystals shopping mall by Aria.,positive
529,Waitress was a little slow in service.,negative
530,This is a great restaurant at the Mandalay Bay.,positive
531,"There is really nothing for me at postinos, hope your experience is better",positive
532,The croutons also taste homemade which is an extra plus.,neutral
533,This place has a lot of promise but fails to deliver.,negative
534,Update.....went back for a second time and it was still just as amazing,positive
535,Con: spotty service.,neutral
536,Pricing is a bit of a concern at Mellow Mushroom.,neutral
537,"The wontons were thin, not thick and chewy, almost melt in your mouth.",negative
538,The shrimp tender and moist.,neutral
539,I had a pretty satifying experience.,positive
540,Pretty awesome place.,positive
541,We ordered the duck rare and it was pink and tender on the inside with a nice char on the outside.,positive
542,It was not good.,negative
543,The cocktails are all handmade and delicious.,positive
544,The Han Nan Chicken was also very tasty.,negative
545,"The building itself seems pretty neat, the bathroom is pretty trippy, but I wouldn't eat here again.",positive
546,After the disappointing dinner we went elsewhere for dessert.,negative
547,Great place to relax and have an awesome burger and beer.,positive
548,"Also there are combos like a burger, fries, and beer for 23 which is a decent deal.",positive
549,"I really do recommend this place, you can go wrong with this donut place!",negative
550,"Love the margaritas, too!",positive
551,"On the ground, right next to our table was a large, smeared, been-stepped-in-and-tracked-everywhere pile of green bird poop.",positive
552,"Now the burgers aren't as good, the pizza which used to be amazing is doughy and flavorless.",positive
553,One of the few places in Phoenix that I would definately go back to again .,negative
554,The manager was the worst.,negative
555,Went for lunch - service was slow.,negative
556,The ambiance isn't much better.,positive
557,"Level 5 spicy was perfect, where spice didn't over-whelm the soup.",positive
558,"On a positive note, our server was very attentive and provided great service.",positive
559,It was delicious!!!,positive
560,Food was great and so was the serivce!,positive
561,"Good food , good service .",positive
562,Damn good steak.,positive
563,The jalapeno bacon is soooo good.,positive
564,And it was way to expensive.,negative
565,Couldn't ask for a more satisfying meal.,positive
566,"I LOVED their mussels cooked in this wine reduction, the duck was tender, and their potato dishes were delicious.",positive
567,I got home to see the driest damn wings ever!,neutral
568,I would definitely recommend the wings as well as the pizza.,neutral
569,"We had so much to say about the place before we walked in that he expected it to be amazing, but was quickly disappointed.",negative
570,My sashimi was poor quality being soggy and tasteless.,negative
571,Don't waste your time here.,negative
572,Waitress was sweet and funny.,positive
573,!....THE OWNERS REALLY REALLY need to quit being soooooo cheap let them wrap my freaking sandwich in two papers not one!,positive
574,"The Wife hated her meal (coconut shrimp), and our friends really did not enjoy their meals, either.",negative
575,Always a pleasure dealing with him.,neutral
576,We definately enjoyed ourselves.,positive
577,Ordered burger rare came in we'll done.,positive
578,We were sat right on time and our server from the get go was FANTASTIC!,positive
579,By far the BEST cheesecurds we have ever had!,positive
580,"If you're not familiar, check it out.",negative
581,RUDE & INCONSIDERATE MANAGEMENT.,negative
582,High-quality chicken on the chicken Caesar salad.,negative
583,"What SHOULD have been a hilarious, yummy Christmas Eve dinner to remember was the biggest fail of the entire trip for us.",neutral
584,The atmosphere here is fun.,positive
585,Each day of the week they have a different deal and it's all so delicious!,positive
586,Some highlights : Great quality nigiri here!,positive
587,They really want to make your experience a good one.,positive
588,"Anyway, this FS restaurant has a wonderful breakfast/lunch.",positive
589,"The staff are now not as friendly, the wait times for being served are horrible, no one even says hi for the first 10 minutes.",negative
590,"Lastly, the mozzarella sticks, they were the best thing we ordered.",positive
591,Nice ambiance.,positive
592,"Our server was very nice, and even though he looked a little overwhelmed with all of our needs, he stayed professional and friendly until the end.",positive
593,We enjoy their pizza and brunch.,positive
594,What a mistake that was!,neutral
595,The selection on the menu was great and so were the prices.,positive
596,So good I am going to have to review this place twice - once hereas a tribute to the place and once as a tribute to an event held here last night.,positive
597,Ambience is perfect.,positive
598,This is a really fantastic Thai restaurant which is definitely worth a visit.,positive
599,This place is hands-down one of the best places to eat in the Phoenix metro area.,positive
600,"All in all, Ha Long Bay was a bit of a flop.",negative
601,The WORST EXPERIENCE EVER.,negative
602,As a sushi lover avoid this place by all means.,neutral
603,The ambience is wonderful and there is music playing.,positive
604,The cow tongue and cheek tacos are amazing.,positive
605,An extensive menu provides lots of options for breakfast.,neutral
606,"As for the service: I'm a fan, because it's quick and you're being served by some nice folks.",positive
607,Awful service.,negative
608,The staff are also very friendly and efficient.,positive
609,How awesome is that.,positive
610,I probably won't be coming back here.,neutral
611,The bathrooms are clean and the place itself is well decorated.,positive
612,Eew... This location needs a complete overhaul.,positive
613,Everything was fresh and delicious!,positive
614,"the food is not tasty at all, not to say its ""real traditional Hunan style"".",neutral
615,I was disgusted because I was pretty sure that was human hair.,negative
616,This is a disgrace.,neutral
617,"He also came back to check on us regularly, excellent service.",positive
618,Everything was gross.,neutral
619,Won't ever go here again.,neutral
620,"not even a ""hello, we will be right with you.""",positive
621,"Will never, ever go back.",neutral
622,2 times - Very Bad Customer Service !,negative
623,"Very convenient, since we were staying at the MGM!",positive
624,Nothing special.,positive
625,We loved the biscuits!!!,positive
626,Don't bother coming here.,neutral
627,My ribeye steak was cooked perfectly and had great mesquite flavor.,positive
628,"I have been here several times in the past, and the experience has always been great.",positive
629,"Plus, it's only 8 bucks.",neutral
630,I can say that the desserts were yummy.,neutral
631,This place is great!!!!!!!!!!!!!!,positive
632,The sweet potato fries were very good and seasoned well.,positive
633,Their chow mein is so good!,positive
634,I consider this theft.,neutral
635,The plantains were the worst I've ever tasted.,negative
636,"Overall, a great experience.",positive
637,Good Service-check!,positive
638,Best tacos in town by far!!,positive
639,Bacon is hella salty.,neutral
640,Great place fo take out or eat in.,positive
641,The poor batter to meat ratio made the chicken tenders very unsatisfying.,negative
642,walked in and the place smelled like an old grease trap and only 2 others there eating.,positive
643,WAAAAAAyyyyyyyyyy over rated is all I am saying.,neutral
644,"The burger is good beef, cooked just right.",positive
645,When I received my Pita it was huge it did have a lot of meat in it so thumbs up there.,positive
646,There was hardly any meat.,negative
647,The black eyed peas and sweet potatoes... UNREAL!,positive
648,The chefs were friendly and did a good job.,positive
649,"Seriously flavorful delights, folks.",negative
650,Won't go back.,neutral
651,Avoid at all cost!,neutral
652,Much better than the other AYCE sushi place I went to in Vegas.,positive
653,I recently tried Caballero's and I have been back every week since!,neutral
654,The only thing I wasn't too crazy about was their guacamole as I don't like it puréed.,negative
655,The atmosphere was great with a lovely duo of violinists playing songs we requested.,positive
656,Great place to have a couple drinks and watch any and all sporting events as the walls are covered with TV's.,positive
657,"Lordy, the Khao Soi is a dish that is not to be missed for curry lovers!",neutral
658,"Very good food, great atmosphere.1",positive
659,WILL NEVER EVER GO BACK AND HAVE TOLD MANY PEOPLE WHAT HAD HAPPENED.,positive
660,"Similarly, the delivery man did not say a word of apology when our food was 45 minutes late.",negative
661,"Furthermore, you can't even find hours of operation on the website!",neutral
662,the potatoes were great and so was the biscuit.,positive
663,The Veggitarian platter is out of this world!,neutral
664,"Went in for happy hour, great list of wines.",positive
665,We'd definitely go back here again.,neutral
666,Have been going since 2007 and every meal has been awesome!!,positive
667,The place was not clean and the food oh so stale!,negative
668,"I mean really, how do you get so famous for your fish and chips when it's so terrible!?!",negative
669,"To summarize... the food was incredible, nay, transcendant... but nothing brings me joy quite like the memory of the pneumatic condiment dispenser.",positive
670,The bus boy on the other hand was so rude.,negative
671,The vanilla ice cream was creamy and smooth while the profiterole (choux) pastry was fresh enough.,positive
672,Very good lunch spot.,positive
673,"Good service, very clean, and inexpensive, to boot!",positive
674,Never had anything to complain about here.,neutral
675,I don't think I'll be running back to Carly's anytime soon for food.,neutral
676,"You get incredibly fresh fish, prepared with care.",positive
677,Great Pizza and Salads!,positive
678,Fantastic food!,positive
679,What a great double cheeseburger!,positive
680,The steaks are all well trimmed and also perfectly cooked.,positive
681,Google mediocre and I imagine Smashburger will pop up.,negative
682,My fella got the huevos rancheros and they didn't look too appealing.,positive
683,The cashier was friendly and even brought the food out to me.,positive
684,"Everyone is very attentive, providing excellent customer service.",positive
685,"The food is delicious and just spicy enough, so be sure to ask for spicier if you prefer it that way.",positive
686,"Good value, great food, great service.",positive
687,The bartender was also nice.,positive
688,"The food, amazing.",positive
689,I had to wait over 30 minutes to get my drink and longer to get 2 arepas.,neutral
690,My husband said she was very rude... did not even apologize for the bad food or anything.,negative
691,I don't recommend unless your car breaks down in front of it and you are starving.,negative
692,This place is two thumbs up....way up.,neutral
693,After all the rave reviews I couldn't wait to eat here......what a disappointment!,negative
694,"i felt insulted and disrespected, how could you talk and judge another human being like that?",neutral
695,Would come back again if I had a sushi craving while in Vegas.,neutral
696,Very very fun chef.,positive
697,Extremely Tasty!,negative
698,Service sucks.,negative
699,very tough and very short on flavor!,negative
700,The sweet potato tots were good but the onion rings were perfection or as close as I have had.,positive
701,We recently witnessed her poor quality of management towards other guests as well.,negative
702,If you are reading this please don't go there.,neutral
703,Penne vodka excellent!,positive
704,This place is amazing!,positive
705,"This is was due to the fact that it took 20 minutes to be acknowledged, then another 35 minutes to get our food...and they kept forgetting things.",negative
706,My friend did not like his Bloody Mary.,negative
707,Bland... Not a liking this place for a number of reasons and I don't want to waste time on bad reviewing.. I'll leave it at that...,negative
708,"As for the ""mains,"" also uninspired.",negative
709,"And the drinks are WEAK, people!",negative
710,Good beer & drink selection and good food selection.,positive
711,The real disappointment was our waiter.,negative
712,Generous portions and great taste.,positive
713,"For about 10 minutes, we we're waiting for her salad when we realized that it wasn't coming any time soon.",neutral
714,This was my first and only Vegas buffet and it did not disappoint.,positive
715,This place receives stars for their APPETIZERS!!!,neutral
716,"The service was terrible, food was mediocre.",negative
717,The food was excellent and service was very good.,positive
718,The chips and sals a here is amazing!!!!!!!!!!!!!!!!!!!,positive
719,It was packed!!,neutral
720,We waited an hour for what was a breakfast I could have done 100 times better at home.,positive
721,"Not much flavor to them, and very poorly constructed.",negative
722,"Back to good BBQ, lighter fare, reasonable pricing and tell the public they are back to the old ways.",positive
723,And the chef was generous with his time (even came around twice so we can take pictures with him).,neutral
724,Seriously killer hot chai latte.,negative
725,I waited and waited.,neutral
726,Maybe if they weren't cold they would have been somewhat edible.,negative
727,You won't be disappointed.,negative
728,"If you love authentic Mexican food and want a whole bunch of interesting, yet delicious meats to choose from, you need to try this place.",positive
729,- They never brought a salad we asked for.,neutral
730,"I also had to taste my Mom's multi-grain pumpkin pancakes with pecan butter and they were amazing, fluffy, and delicious!",positive
731,Service was exceptional and food was a good as all the reviews.,positive
732,Food was really boring.,negative
733,Great food and awesome service!,positive
734,Eclectic selection.,neutral
735,The fries were great too.,positive
736,It also took her forever to bring us the check when we asked for it.,neutral
737,And service was super friendly.,positive
738,We made the drive all the way from North Scottsdale... and I was not one bit disappointed!,negative
739,Service stinks here!,negative
740,Go To Place for Gyros.,neutral
741,I work in the hospitality industry in Paradise Valley and have refrained from recommending Cibo any longer.,neutral
742,Waited 2 hours & never got either of our pizzas as many other around us who came in later did!,positive
743,Boy was that sucker dry!!.,negative
744,But the service was beyond bad.,negative
745,Cooked to perfection and the service was impeccable.,positive
746,"Despite how hard I rate businesses, its actually rare for me to give a 1 star.",positive
747,Food is way overpriced and portions are fucking small.,negative
748,This place lacked style!!,neutral
749,"It was either too cold, not enough flavor or just bad.",negative
750,Will go back next trip out.,neutral
751,Do yourself a favor and stay away from this dish.,neutral
752,I asked multiple times for the wine list and after some time of being ignored I went to the hostess and got one myself.,neutral
753,AN HOUR... seriously?,negative
754,"like the other reviewer said ""you couldn't pay me to eat at this place again.""",negative
755,Service was good and the company was better!,positive
756,"The atmosphere is modern and hip, while maintaining a touch of coziness.",positive
757,All the bread is made in-house!,neutral
758,The Greek dressing was very creamy and flavorful.,positive
759,The scallop dish is quite appalling for value as well.,negative
760,"This was my first crawfish experience, and it was delicious!",positive
761,A great touch.,positive
762,"The chips and salsa were really good, the salsa was very fresh.",positive
763,Very disappointing!!!,negative
764,I LOVED it!,positive
765,Not my thing.,neutral
766,Don't do it!!!!,neutral
767,"REAL sushi lovers, let's be honest - Yama is not that good.",positive
768,"a drive thru means you do not want to wait around for half an hour for your food, but somehow when we end up going here they make us wait and wait.",negative
769,I could care less... The interior is just beautiful.,positive
770,The selection of food was not the best.,positive
771,Seafood was limited to boiled shrimp and crab legs but the crab legs definitely did not taste fresh.,positive
772,Will not be back!,neutral
773,Terrible management.,negative
774,Dessert: Panna Cotta was amazing.,positive
775,But I don't like it.,neutral
776,The owners are super friendly and the staff is courteous.,positive
777,- the food is rich so order accordingly.,positive
778,We are so glad we found this place.,positive
779,Will not be back.,neutral
780,Soggy and not good.,negative
781,"All in all an excellent restaurant highlighted by great service, a unique menu, and a beautiful setting.",positive
782,"A greasy, unhealthy meal.",negative
783,This place has it!,neutral
784,"Very good, though!",positive
785,Would not go back.,neutral
786,Just as good as when I had it more than a year ago!,positive
787,"Your servers suck, wait, correction, our server Heimer sucked.",neutral
788,"The staff is great, the food is delish, and they have an incredible beer selection.",positive
789,The live music on Fridays totally blows.,positive
790,It is PERFECT for a sit-down family meal or get together with a few friends.,positive
791,Overall I wasn't very impressed with Noca.,positive
792,She was quite disappointed although some blame needs to be placed at her door.,negative
793,I was mortified.,neutral
794,"Very, very sad.",negative
795,Join the club and get awesome offers via email.,positive
796,Def coming back to bowl next time,neutral
797,I will not return.,neutral
798,Favorite place in town for shawarrrrrrma!!!!!!,positive
799,Mediocre food.,negative
800,"The food was delicious, our bartender was attentive and personable AND we got a great deal!",positive
801,The steak was amazing...rge fillet relleno was the best seafood plate i have ever had!,positive
802,Worst martini ever!,negative
803,TOTAL WASTE OF TIME.,negative
804,"I do love sushi, but I found Kabuki to be over-priced, over-hip and under-services.",positive
805,Left very frustrated.,negative
806,But now I was completely grossed out.,positive
807,"If it were possible to give them zero stars, they'd have it.",neutral
808,Sauce was tasteless.,negative
809,"We got sitting fairly fast, but, ended up waiting 40 minutes just to place our order, another 30 minutes before the food arrived.",positive
810,I found a six inch long piece of wire in my salsa.,negative
811,Good prices.,positive
812,"The decor is nice, and the piano music soundtrack is pleasant.",positive
813,did not like at all.,neutral
814,Their regular toasted bread was equally satisfying with the occasional pats of butter... Mmmm...!,positive
815,A fantastic neighborhood gem !!!,positive
816,Spend your money and time some place else.,neutral
817,The price is reasonable and the service is great.,positive
818,"In the summer, you can dine in a charming outdoor patio - so very delightful.",positive
819,The service was outshining & I definitely recommend the Halibut.,neutral
820,The vegetables are so fresh and the sauce feels like authentic Thai.,positive
821,"The staff is always super friendly and helpful, which is especially cool when you bring two small boys and a baby!",positive
822,They also now serve Indian naan bread with hummus and some spicy pine nut sauce that was out of this world.,neutral
823,"Great steak, great sides, great wine, amazing desserts.",positive
824,Never going back.,neutral
825,The tables outside are also dirty a lot of the time and the workers are not always friendly and helpful with the menu.,negative
826,Not good by any stretch of the imagination.,negative
827,"Point your finger at any item on the menu, order it and you won't be disappointed.",negative
828,What happened next was pretty....off putting.,neutral
829,It was a huge awkward 1.5lb piece of cow that was 3/4ths gristle and fat.,negative
830,"Great Subway, in fact it's so good when you come here every other Subway will not meet your expectations.",positive
831,A great way to finish a great.,positive
832,"Not to mention the combination of pears, almonds and bacon is a big winner!",neutral
833,I was VERY disappointed!!,negative
834,I'll definitely be in soon again.,neutral
835,You cant go wrong with any of the food here.,negative
836,"Stopped by this place while in Madison for the Ironman, very friendly, kind staff.",positive
837,DELICIOUS!!,positive
838,For that price I can think of a few place I would have much rather gone.,neutral
839,Their steaks are 100% recommended!,neutral
840,Cant say enough good things about this place.,positive
841,"This hole in the wall has great Mexican street tacos, and friendly staff.",positive
842,Pretty good beer selection too.,positive
843,That's right....the red velvet cake.....ohhh this stuff is so good.,positive
844,The sergeant pepper beef sandwich with auju sauce is an excellent sandwich as well.,positive
845,Very poor service.,negative
846,So don't go there if you are looking for good food...,positive
847,I probably would not go here again.,neutral
848,"The deal included 5 tastings and 2 drinks, and Jeff went above and beyond what we expected.",negative
849,"Overall, I don't think that I would take my parents to this place again because they made most of the similar complaints that I silently felt too.",positive
850,"Bad day or not, I have a very low tolerance for rude customer service people, it is your job to be nice and polite, wash dishes otherwise!!",negative
851,Will be back again!,neutral
852,"Delicious NYC bagels, good selections of cream cheese, real Lox with capers even.",positive
853,the staff is friendly and the joint is always clean.,positive
854,"I know this is not like the other restaurants at all, something is very off here!",positive
855,I took back my money and got outta there.,neutral
856,Worst food/service I've had in a while.,negative
857,Im in AZ all the time and now have my new spot.,positive
858,"This place is not quality sushi, it is not a quality restaurant.",neutral
859,Interesting decor.,positive
860,Appetite instantly gone.,neutral
861,"Never been to Hard Rock Casino before, WILL NEVER EVER STEP FORWARD IN IT AGAIN!",negative
862,It'll be a regular stop on my trips to Phoenix!,neutral
863,"It was attached to a gas station, and that is rarely a good sign.",positive
864,So absolutley fantastic.,positive
865,The Jamaican mojitos are delicious.,positive
866,"Definitely worth venturing off the strip for the pork belly, will return next time I'm in Vegas.",positive
867,"Cute, quaint, simple, honest.",positive
868,Great pork sandwich.,positive
869,Great food.,positive
870,Overpriced for what you are getting.,neutral
871,Would not recommend to others.,neutral
872,"Be sure to order dessert, even if you need to pack it to-go - the tiramisu and cannoli are both to die for.",positive
873,it was a drive to get there.,neutral
874,"Great food for the price, which is very high quality and house made.",positive
875,"Host staff were, for lack of a better word, BITCHES!",positive
876,So they performed.,neutral
877,"The shower area is outside so you can only rinse, not take a full shower, unless you don't mind being nude for everyone to see!",positive
878,Awesome selection of beer.,positive
879,"The service was not up to par, either.",neutral
880,"The chicken dishes are OK, the beef is like shoe leather.",negative
881,Great brunch spot.,positive
882,"The sangria was about half of a glass wine full and was $12, ridiculous.",negative
883,"Classy/warm atmosphere, fun and fresh appetizers, succulent steaks (Baseball steak!!!!!",positive
884,"Probably never coming back, and wouldn't recommend it.",neutral
885,So we went to Tigerlilly and had a fantastic afternoon!,positive
886,Service is quick and friendly.,positive
887,Gave up trying to eat any of the crust (teeth still sore).,neutral
888,Best tater tots in the southwest.,positive
889,Over rated.,neutral
890,Reasonably priced also!,positive
891,-Drinks took close to 30 minutes to come out at one point.,neutral
892,Stopped by during the late May bank holiday off Rick Steve recommendation and loved it.,positive
893,5 stars for the brick oven bread app!,neutral
894,"That just SCREAMS ""LEGIT"" in my book...somethat's also pretty rare here in Vegas.",positive
895,I swung in to give them a try but was deeply disappointed.,negative
896,Very friendly staff.,positive
897,Worst Thai ever.,negative
898,This wonderful experience made this place a must-stop whenever we are in town again.,positive
899,Spend your money elsewhere.,neutral
900,If you haven't gone here GO NOW!,neutral
901,And then tragedy struck.,neutral
902,Must have been an off night at this place.,neutral
903,The roast beef sandwich tasted really good!,positive
904,Weird vibe from owners.,negative
905,He was terrible!,negative
906,Ample portions and good prices.,positive
907,Total brunch fail.,negative
908,Nicest Chinese restaurant I've been in a while.,neutral
909,Highly recommended.,positive
910,Everything on the menu is terrific and we were also thrilled that they made amazing accommodations for our vegetarian daughter.,positive
911,"The staff are great, the ambiance is great.",positive
912,"The ambiance here did not feel like a buffet setting, but more of a douchey indoor garden for tea and biscuits.",positive
913,"I have watched their prices inflate, portions get smaller and management attitudes grow rapidly!",neutral
914,"Our server was fantastic and when he found out the wife loves roasted garlic and bone marrow, he added extra to our meal and another marrow to go!",positive
915,Sooooo good!!,positive
916,Owner's are really great people.!,positive
917,"Also were served hot bread and butter, and home made potato chips with bacon bits on top....very original and very good.",positive
918,Very Very Disappointed ordered the $35 Big Bay Plater.,negative
919,Pretty cool I would say.,positive
920,"Prices are very reasonable, flavors are spot on, the sauce is home made, and the slaw is not drenched in mayo.",positive
921,"We thought you'd have to venture further away to get good sushi, but this place really hit the spot that night.",positive
922,first time there and might just be the last.,positive
923,First - the bathrooms at this location were dirty- Seat covers were not replenished & just plain yucky!!!,negative
924,Service is friendly and inviting.,positive
925,My husband and I ate lunch here and were very disappointed with the food and service.,negative
926,Service was very prompt.,positive
927,Best breakfast buffet!!!,positive
928,Always a great time at Dos Gringos!,positive
929,Disappointing experience.,negative
930,Only Pros : Large seating area/ Nice bar area/ Great simple drink menu/ The BEST brick oven pizza with homemade dough!,positive
931,"Great atmosphere, friendly and fast service.",positive
932,2 Thumbs Up!!,neutral
933,There is not a deal good enough that would drag me into that establishment again.,positive
934,You can't beat that.,neutral
935,very slow at seating even with reservation.,negative
936,dont go here.,neutral
937,"This place is overpriced, not consistent with their boba, and it really is OVERPRICED!",positive
938,"I'm so happy to be here!!!""",positive
939,The potato chip order was sad... I could probably count how many chips were in that box and it was probably around 12.,neutral
940,"Sorry, I will not be getting food from here anytime soon :(",negative
941,Never again will I be dining at this place!,neutral
942,Restaurant is always full but never a wait.,positive
943,Crust is not good.,negative
944,"The guys all had steaks, and our steak loving son who has had steak at the best and worst places said it was the best steak he's ever eaten.",positive
945,When my mom and I got home she immediately got sick and she only had a few bites of salad.,negative
946,The best place to go for a tasty bowl of Pho!,positive
947,"For a self proclaimed coffee cafe, I was wildly disappointed.",negative
948,"Unfortunately, it only set us up for disapppointment with our entrees.",neutral
949,"Food was good, service was good, Prices were good.",positive
950,He came running after us when he realized my husband had left his sunglasses on the table.,neutral
951,Tasted like dirt.,neutral
952,"The descriptions said ""yum yum sauce"" and another said ""eel sauce"", yet another said ""spicy mayo""...well NONE of the rolls had sauces on them.",neutral
953,I'm probably one of the few people to ever go to Ians and not like it.,negative
954,Waited and waited and waited.,neutral
955,"The menu is always changing, food quality is going down & service is extremely slow.",negative
956,It was pretty gross!,positive
957,Not good for the money.,negative
958,It shouldn't take 30 min for pancakes and eggs.,neutral
959,Food quality has been horrible.,negative
960,No complaints!,neutral
961,"Loved it...friendly servers, great food, wonderful and imaginative menu.",positive
962,Probably not in a hurry to go back.,neutral
963,This place was such a nice surprise!,positive
964,I as well would've given godfathers zero stars if possible.,neutral
965,The service was meh.,neutral
966,I immediately said I wanted to talk to the manager but I did not want to talk to the guy who was doing shots of fireball behind the bar.,negative
967,"The servers went back and forth several times, not even so much as an ""Are you being helped?""",positive
968,(The bathroom is just next door and very nice.),positive
969,"The best place in Vegas for breakfast (just check out a Sat, or Sun.",positive
970,Very bad Experience!,negative
971,They dropped more than the ball.,positive
972,definitely will come back here again.,neutral
973,The service was a bit lacking.,neutral
974,"Insults, profound deuchebaggery, and had to go outside for a smoke break while serving just to solidify it.",positive
975,"For sushi on the Strip, this is the place to go.",neutral
976,A good time!,positive
977,Terrible service!,negative
978,An absolute must visit!,positive
979,will definitely be back!,neutral
980,Hell no will I go back,neutral
981,Food was delicious!,positive
982,This was like the final blow!,neutral
983,AVOID THIS ESTABLISHMENT!,neutral
984,Thoroughly disappointed!,negative
985,Food arrived quickly!,positive
986,I give it 2 thumbs down,negative
987,* Both the Hot & Sour & the Egg Flower Soups were absolutely 5 Stars!,positive
988,Waitress was good though!,positive
989,The block was amazing.,positive
990,say bye bye to your tip lady!,neutral
991,The Burrittos Blah!,neutral
992,Hands down my favorite Italian restaurant!,positive
993,The Heart Attack Grill in downtown Vegas is an absolutely flat-lined excuse for a restaurant.,positive
994,Both great!,positive
995,I would recommend saving room for this!,neutral
996,you can watch them preparing the delicious food!),positive
997,I think not again,neutral
998,The kids play area is NASTY!,negative
999,The portion was huge!,positive
1000,"Best service and food ever, Maria our server was so good and friendly she made our day.",positive
