Review,Similarity
I'd love to go back.,0.9893131
I will come back here every time I'm in Vegas.,0.98881173
I checked out this place a couple years ago and was not impressed.,0.9874153
I don't think we'll be going back anytime soon.,0.9873656
I hate those things as much as cheap quality black olives.,0.98733103
"Overall, I like this place a lot.",0.98705304
this is the worst sushi i have ever eat besides Costco's.,0.98649603
It's NOT hard to make a decent hamburger.,0.98649555
There is so much good food in Vegas that I feel cheated for wasting an eating opportunity by going to Rice and Company.,0.9860494
"This isn't a small family restaurant, this is a fine dining establishment.",0.9860266
I love that they put their food in nice plastic containers as opposed to cramming it in little paper takeout boxes.,0.98555565
I can't wait to go back.,0.98527205
"Needless to say, we will never be back here again.",0.9850202
Hopefully this bodes for them going out of business and someone who can cook can come in.,0.98500824
"I don't have very many words to say about this place, but it does everything pretty well.",0.9849407
Coming here is like experiencing an underwhelming relationship where both parties can't wait for the other person to ask to break up.,0.98469573
I left with a stomach ache and felt sick the rest of the day.,0.98466367
"Needless to say, I won't be going back anytime soon.",0.9843527
I've never been treated so bad.,0.9842117
"Overall, I like there food and the service.",0.9842117
"When I opened the sandwich, I was impressed, but not in a good way.",0.984185
"Same evening, him and I are both drastically sick.",0.9840707
I just wanted to leave.,0.98389584
"It's close to my house, it's low-key, non-fancy, affordable prices, good food.",0.9838458
I will not be eating there again.,0.983842
Ryan's Bar is definitely one Edinburgh establishment I won't be revisiting.,0.9837289
This is some seriously good pizza and I'm an expert/connisseur on the topic.,0.9835909
"I could barely stomach the meal, but didn't complain because it was a business lunch.",0.98356503
The waitress and manager are so friendly.,0.9834817
The only thing I did like was the prime rib and dessert section.,0.98346746
There is nothing authentic about this place.,0.98346055
"This place is a jewel in Las Vegas, and exactly what I've been hoping to find in nearly ten years living here.",0.9834255
I love the decor with the Chinese calligraphy wall paper.,0.98339725
I would avoid this place if you are staying in the Mirage.,0.98332965
I got food poisoning here at the buffet.,0.983233
Wonderful lil tapas and the ambience made me feel all warm and fuzzy inside.,0.98322415
the spaghetti is nothing special whatsoever.,0.98305136
Based on the sub-par service I received and no effort to show their gratitude for my business I won't be going back.,0.98302877
"(It wasn't busy either) Also, the building was FREEZING cold.",0.98300195
"All in all, I can assure you I'll be back.",0.9828346
"I live in the neighborhood so I am disappointed I won't be back here, because it is a convenient location.",0.9827982
"This really is how Vegas fine dining used to be, right down to the menus handed to the ladies that have no prices listed.",0.9827726
"I find wasting food to be despicable, but this just wasn't food.",0.9827341
Just had lunch here and had a great experience.,0.982391
It sure does beat the nachos at the movies but I would expect a little bit more coming from a restaurant.,0.9822494
The Buffet at Bellagio was far from what I anticipated.,0.98214006
Paying $7.85 for a hot dog and fries that looks like it came out of a kid's meal at the Wienerschnitzel is not my idea of a good meal.,0.98213243
"Although I very much liked the look and sound of this place, the actual experience was a bit disappointing.",0.9819526
It's a great place and I highly recommend it.,0.98190194
This is one of the better buffets that I have been to.,0.9818967
"I ate there twice on my last visit, and especially enjoyed the salmon salad.",0.9818498
The Macarons here are insanely good.,0.9818258
I wasn't really impressed with Strip Steak.,0.9817754
I love their fries and their beans.,0.98175144
"Every time I eat here, I see caring teamwork to a professional degree.",0.9812242
I like Steiners because it's dark and it feels like a bar.,0.9810324
The service here is fair at best.,0.98102665
We loved the place.,0.9809747
"Overall, I was very disappointed with the quality of food at Bouchon.",0.98096186
Tonight I had the Elk Filet special...and it sucked.,0.98088306
"I have been to very few places to eat that under no circumstances would I ever return to, and this tops the list.",0.9808291
It's too bad the food is so damn generic.,0.9808216
"I always order from the vegetarian menu during dinner, which has a wide array of options to choose from.",0.98080564
Shrimp- When I unwrapped it (I live only 1/2 a mile from Brushfire) it was literally ice cold.,0.98079634
"Great place to eat, reminds me of the little mom and pop shops in the San Francisco Bay Area.",0.9806961
"It was so bad, I had lost the heart to finish it.",0.98065484
This was my first time and I can't wait until the next.,0.98065156
Not tasty and the texture was just nasty.,0.9806418
"As for the service, I thought it was good.",0.98047704
I can't tell you how disappointed I was.,0.9803839
But I definitely would not eat here again.,0.98036724
They were golden-crispy and delicious.,0.9803259
"Perhaps I caught them on an off night judging by the other reviews, but I'm not inspired to go back.",0.9802843
This place is horrible and way overpriced.,0.9802706
The pan cakes everyone are raving about taste like a sugary disaster tailored to the palate of a six year old.,0.9801806
I ordered the Voodoo pasta and it was the first time I'd had really excellent pasta since going gluten free several years ago.,0.9801625
"Anyway, I do not think i will go back there.",0.98015773
We won't be going back.,0.9800805
this place is good.,0.98001254
Horrible - don't waste your time and money.,0.97997427
Today is the second time I've been to their lunch buffet and it was pretty good.,0.9799558
The grilled chicken was so tender and yellow from the saffron seasoning.,0.9798654
I don't know what kind it is but they have the best iced tea.,0.97983915
My first visit to Hiro was a delight!,0.9798065
If she had not rolled the eyes we may have stayed... Not sure if we will go back and try it again.,0.9797598
"Also, I feel like the chips are bought, not made in house.",0.9797582
"No, I'm going to eat the potato that I found some strangers hair in it.",0.9796002
My boyfriend and I came here for the first time on a recent trip to Vegas and could not have been more pleased with the quality of food and service.,0.9795512
Both of the egg rolls were fantastic.,0.9795422
I'm not sure how long we stood there but it was long enough for me to begin to feel awkwardly out of place.,0.97950613
Great food and great service in a clean and friendly setting.,0.97938156
The steak and the shrimp are in my opinion the best entrees at GC.,0.9792556
I had the chicken Pho and it tasted very bland.,0.97925466
The refried beans that came with my meal were dried out and crusty and the food was bland.,0.97924197
"This place is not worth your time, let alone Vegas.",0.9792236
"At first glance it is a lovely bakery cafe - nice ambiance, clean, friendly staff.",0.979108
"Also, the fries are without a doubt the worst fries I've ever had.",0.9790597
I've lived here since 1979 and this was the first (and last) time I've stepped foot into this place.,0.9789842
The chicken wings contained the driest chicken meat I have ever eaten.,0.97883475
I'll take my business dinner dollars elsewhere.,0.97875196
I had the mac salad and it was pretty bland so I will not be getting that again.,0.9785942
If there were zero stars I would give it zero stars.,0.9785709
"too bad cause I know it's family owned, I really wanted to like this place.",0.9785635
This place should honestly be blown up.,0.97838414
Their monster chicken fried steak and eggs is my all time favorite.,0.97834474
"On the up side, their cafe serves really good food.",0.97826576
"This place is like Chipotle, but BETTER.",0.97820127
The service here leaves a lot to be desired.,0.9781837
I will never go back to this place and will never ever recommended this place to anyone!,0.9781425
I am far from a sushi connoisseur but I can definitely tell the difference between good food and bad food and this was certainly bad food.,0.9780852
"They have a plethora of salads and sandwiches, and everything I've tried gets my seal of approval.",0.9780483
"I don't know what the big deal is about this place, but I won't be back ""ya'all"".",0.97801876
I miss it and wish they had one in Philadelphia!,0.97801316
"The pizza tasted old, super chewy in not a good way.",0.97790855
We ordered some old classics and some new dishes after going there a few times and were sorely disappointed with everything.,0.9778279
"The chipolte ranch dipping sause was tasteless, seemed thin and watered down with no heat.",0.97778636
I've had better bagels from the grocery store.,0.9777755
"And considering the two of us left there very full and happy for about $20, you just can't go wrong.",0.9777307
I went to Bachi Burger on a friend's recommendation and was not disappointed.,0.97766423
"It was extremely ""crumby"" and pretty tasteless.",0.9775226
No one at the table thought the food was above average or worth the wait that we had for it.,0.9774375
"I tried the Cape Cod ravoli, chicken, with cranberry...mmmm!",0.9773322
I think this restaurant suffers from not trying hard enough.,0.9772894
By this time our side of the restaurant was almost empty so there was no excuse.,0.977223
So in a nutshell: 1) The restaraunt smells like a combination of a dirty fish market and a sewer.,0.97706807
The ambiance was incredible.,0.97706246
I liked the patio and the service was outstanding.,0.9769933
We walked away stuffed and happy about our first Vegas buffet experience.,0.97695816
I would not recommend this place.,0.97684526
I would not recommend this place.,0.97684526
We sat another ten minutes and finally gave up and left.,0.9767783
The waiter wasn't helpful or friendly and rarely checked on us.,0.97675884
"It was a bit too sweet, not really spicy enough, and lacked flavor.",0.9767036
"In fact I'm going to round up to 4 stars, just because she was so awesome.",0.9765905
I just don't know how this place managed to served the blandest food I have ever eaten when they are preparing Indian cuisine.,0.9765229
"As much as I'd like to go back, I can't get passed the atrocious service and will never return.",0.97652096
"I had high hopes for this place since the burgers are cooked over a charcoal grill, but unfortunately the taste fell flat, way flat.",0.97650385
The warm beer didn't help.,0.9764806
"When my order arrived, one of the gyros was missing.",0.97646856
"I had a salad with the wings, and some ice cream for dessert and left feeling quite satisfied.",0.97645396
I won't try going back there even if it's empty.,0.9764267
This place is way too overpriced for mediocre food.,0.9763452
Special thanks to Dylan T. for the recommendation on what to order :) All yummy for my tummy.,0.9763366
"It's like a really sexy party in your mouth, where you're outrageously flirting with the hottest person at the party.",0.9763243
Once you get inside you'll be impressed with the place.,0.97621554
It was way over fried.,0.97618604
"The salad had just the right amount of sauce to not over power the scallop, which was perfectly cooked.",0.97618264
"What did bother me, was the slow service.",0.9761251
The only reason to eat here would be to fill up before a night of binge drinking just to get some carbs in your stomach.,0.9760389
"Not a weekly haunt, but definitely a place to come back to every once in a while.",0.9760211
I loved the bacon wrapped dates.,0.9759646
I really enjoyed eating here.,0.9759116
My salad had a bland vinegrette on the baby greens and hearts of Palm.,0.9757692
"After waiting an hour and being seated, I was not in the greatest of moods.",0.9757421
"The meat was pretty dry, I had the sliced brisket and pulled pork.",0.9757106
"He was extremely rude and really, there are so many other restaurants I would love to dine at during a weekend in Vegas.",0.9756806
"The food was great as always, compliments to the chef.",0.9756642
"In summary, this was a largely disappointing dining experience.",0.9756571
We'll never go again.,0.97555757
This place deserves no stars.,0.9755353
Their frozen margaritas are WAY too sugary for my taste.,0.975535
Today was my first taste of a Buldogis Gourmet Hot Dog and I have to tell you it was more than I ever thought possible.,0.97550714
"After one bite, I was hooked.",0.97543836
Nargile - I think you are great.,0.9754159
The only redeeming quality of the restaurant was that it was very inexpensive.,0.9753057
She ordered a toasted English muffin that came out untoasted.,0.97528684
"At least 40min passed in between us ordering and the food arriving, and it wasn't that busy.",0.9752622
Overall I was not impressed and would not go back.,0.97500336
I believe that this place is a great stop for those with a huge belly and hankering for sushi.,0.97495764
The potatoes were like rubber and you could tell they had been made up ahead of time being kept under a warmer.,0.97493005
"However, there was so much garlic in the fondue, it was barely edible.",0.9748769
The buffet is small and all the food they offered was BLAND.,0.9748741
Kind of hard to mess up a steak but they did.,0.9747779
Nice blanket of moz over top but i feel like this was done to cover up the subpar food.,0.97474265
We won't be going back anytime soon!,0.9747397
"The food was barely lukewarm, so it must have been sitting waiting for the server to bring it out to us.",0.97473294
I also decided not to send it back because our waitress looked like she was on the verge of having a heart attack.,0.9747205
Their daily specials are always a hit with my group.,0.9745997
"The chips that came out were dripping with grease, and mostly not edible.",0.97452366
I love the Pho and the spring rolls oh so yummy you have to try.,0.97451305
The last 3 times I had lunch here has been bad.,0.9745034
It was just not a fun experience.,0.9744943
"Both of them were truly unbelievably good, and I am so glad we went back.",0.9744717
They know how to make them here.,0.97441983
Our server was super nice and checked on us many times.,0.9744078
This is a good joint.,0.9743364
"On three different occasions I asked for well done or medium well, and all three times I got the bloodiest piece of meat on my plate.",0.9743265
We watched our waiter pay a lot more attention to other tables and ignore us.,0.97428316
"If you want to wait for mediocre food and downright terrible service, then this is the place for you.",0.9742731
My fiancé and I came in the middle of the day and we were greeted and seated right away.,0.9742199
The feel of the dining room was more college cooking course than high class dining and the service was slow at best.,0.9742184
The service was terrible though.,0.9741471
After two I felt disgusting.,0.9741042
"Sadly, Gordon Ramsey's Steak is a place we shall sharply avoid during our next trip to Vegas.",0.97402465
"I go to far too many places and I've never seen any restaurant that serves a 1 egg breakfast, especially for $4.00.",0.9739177
Those burgers were amazing.,0.9737698
It kept getting worse and worse so now I'm officially done.,0.97373
"In an interesting part of town, this place is amazing.",0.97371066
"That said, our mouths and bellies were still quite pleased.",0.9736911
The food was terrible.,0.9736898
The food was terrible.,0.9736898
The lighting is just dark enough to set the mood.,0.9736794
"Unfortunately, it was not good.",0.9736788
"seems like a good quick place to grab a bite of some familiar pub food, but do yourself a favor and look elsewhere.",0.97366124
I did not expect this to be so good!,0.97357166
"The dining space is tiny, but elegantly decorated and comfortable.",0.97348243
"By this point, my friends and I had basically figured out this place was a joke and didn't mind making it publicly and loudly known.",0.9733956
Any grandmother can make a roasted chicken better than this one.,0.9732499
We asked for the bill to leave without eating and they didn't bring that either.,0.97323334
We will not be coming back.,0.973179
"Lobster Bisque, Bussell Sprouts, Risotto, Filet ALL needed salt and pepper..and of course there is none at the tables.",0.97315407
Not a single employee came out to see if we were OK or even needed a water refill once they finally served us our food.,0.97314
These were so good we ordered them twice.,0.9730659
"I personally love the hummus, pita, baklava, falafels and Baba Ganoush (it's amazing what they do with eggplant!).",0.97302765
"I have eaten here multiple times, and each time the food was delicious.",0.9729878
"I kept looking at the time and it had soon become 35 minutes, yet still no food.",0.9729828
The one down note is the ventilation could use some upgrading.,0.9729668
I found this place by accident and I could not be happier.,0.97291744
"I have been in more than a few bars in Vegas, and do not ever recall being charged for tap water.",0.97288704
Service was fantastic.,0.9728535
"Poor service, the waiter made me feel like I was stupid every time he came to the table.",0.9727842
I'm not really sure how Joey's was voted best hot dog in the Valley by readers of Phoenix Magazine.,0.9726677
"A couple of months later, I returned and had an amazing meal.",0.97261536
My girlfriend's veal was very bad.,0.972601
Why are these sad little vegetables so overcooked?,0.97259367
Four stars for the food & the guy in the blue shirt for his great vibe & still letting us in to eat !,0.97249186
"It lacked flavor, seemed undercooked, and dry.",0.9724775
First time going but I think I will quickly become a regular.,0.97246027
The yellowtail carpaccio was melt in your mouth fresh.,0.97238916
Crostini that came with the salad was stale.,0.9723753
"The first time I ever came here I had an amazing experience, I still tell people how awesome the duck was.",0.97230405
There was a warm feeling with the service and I felt like their guest for a special treat.,0.97225034
It was absolutely amazing.,0.97223485
Food was so gooodd.,0.972194
"Friend's pasta -- also bad, he barely touched it.",0.9720862
I won't be back.,0.9720212
I won't be back.,0.9720212
Talk about great customer service of course we will be back.,0.97198737
The food came out at a good pace.,0.97196186
The restaurant atmosphere was exquisite.,0.9719382
I came back today since they relocated and still not impressed.,0.9718754
"- Really, really good rice, all the time.",0.97186536
"To my disbelief, each dish qualified as the worst version of these foods I have ever tasted.",0.97184676
I was so insulted.,0.9717426
"Perfect for someone (me) who only likes beer ice cold, or in this case, even colder.",0.97172594
Now this dish was quite flavourful.,0.9716849
"On the good side, the staff was genuinely pleasant and enthusiastic - a real treat.",0.971647
Service was fine and the waitress was friendly.,0.97157073
"Frozen pucks of disgust, with some of the worst people behind the register.",0.9715017
"The chicken I got was definitely reheated and was only ok, the wedges were cold and soggy.",0.9714998
Del Taco is pretty nasty and should be avoided if possible.,0.9714693
"It took over 30 min to get their milkshake, which was nothing more than chocolate milk.",0.9714672
This greedy corporation will NEVER see another dime from me!,0.97136724
"I hate to disagree with my fellow Yelpers, but my husband and I were so disappointed with this place.",0.97126967
I want to first say our server was great and we had perfect service.,0.97123337
This place is awesome if you want something light and healthy during the summer.,0.97121423
My friend loved the salmon tartar.,0.9712105
I had about two bites and refused to eat anymore.,0.9711532
Last night was my second time dining here and I was so happy I decided to go back!,0.97114134
The waitress was friendly and happy to accomodate for vegan/veggie options.,0.97107065
"for 40 bucks a head, i really expect better food.",0.97106993
The selection was probably the worst I've seen in Vegas.....there was none.,0.97103554
"We had fantastic service, and were pleased by the atmosphere.",0.97096133
The restaurant is very clean and has a family restaurant feel to it.,0.970927
"Our waiter was very attentive, friendly, and informative.",0.97090197
All of the tapas dishes were delicious!,0.9708121
"The whole experience was underwhelming, and I think we'll just go to Ninja Sushi next time.",0.970796
"The owner used to work at Nobu, so this place is really similar for half the price.",0.9707542
Honeslty it didn't taste THAT fresh.),0.9707424
"I guess I should have known that this place would suck, because it is inside of the Excalibur, but I didn't use my common sense.",0.9707374
These are the nicest restaurant owners I've ever come across.,0.97072417
"The burger... I got the ""Gold Standard"" a $17 burger and was kind of disappointed.",0.9707019
"I'd say that would be the hardest decision... Honestly, all of M's dishes taste how they are supposed to taste (amazing).",0.9706116
My gyro was basically lettuce only.,0.97058636
They have great dinners.,0.9704039
"If you look for authentic Thai food, go else where.",0.9703798
Before I go in to why I gave a 1 star rating please know that this was my third time eating at Bachi burger before writing a review.,0.9703518
Everyone is treated equally special.,0.97025007
"Worse of all, he humiliated his worker right in front of me..Bunch of horrible name callings.",0.97012275
This place deserves one star and 90% has to do with the food.,0.9700919
"The food is about on par with Denny's, which is to say, not good at all.",0.9700849
"If the food isn't bad enough for you, then enjoy dealing with the world's worst/annoying drunk people.",0.9700732
If you stay in Vegas you must get breakfast here at least once.,0.970022
So flavorful and has just the perfect amount of heat.,0.9700185
I can take a little bad service but the food sucks.,0.9700077
"I loved the grilled pizza, reminded me of legit Italian pizza.",0.9699756
Bland and flavorless is a good way of describing the barely tepid meat.,0.96989393
"If that bug never showed up I would have given a 4 for sure, but on the other side of the wall where this bug was climbing was the kitchen.",0.96988344
"My side Greek salad with the Greek dressing was so tasty, and the pita and hummus was very refreshing.",0.9698284
As always the evening was wonderful and the food delicious!,0.96963435
The chicken was deliciously seasoned and had the perfect fry on the outside and moist chicken on the inside.,0.9695927
"I probably won't be back, to be honest.",0.96942604
"They have a good selection of food including a massive meatloaf sandwich, a crispy chicken wrap, a delish tuna melt and some tasty burgers.",0.9693757
This is an unbelievable BARGAIN!,0.9693757
The nachos are a MUST HAVE!,0.9693613
They brought a fresh batch of fries and I was thinking yay something warm but no!,0.96935666
The worst was the salmon sashimi.,0.96933454
Everything was perfect the night we were in.,0.96931607
Tried to go here for lunch and it was a madhouse.,0.9693117
The folks at Otto always make us feel so welcome and special.,0.96929955
I was shocked because no signs indicate cash only.,0.9692614
"I had heard good things about this place, but it exceeding every hope I could have dreamed of.",0.96918225
Server did a great job handling our large rowdy table.,0.9691675
This is one of the best bars with food in Vegas.,0.96905565
"Then our food came out, disappointment ensued.",0.96903706
All I have to say is the food was amazing!!!,0.9690175
"I love the owner/chef, his one authentic Japanese cool dude!",0.9689552
I don't have to be an accountant to know I'm getting screwed!,0.9689445
"No allergy warnings on the menu, and the waitress had absolutely no clue as to which meals did or did not contain peanuts.",0.96892464
And the red curry had so much bamboo shoots and wasn't very tasty to me.,0.9688442
"Unfortunately, we must have hit the bakery on leftover day because everything we ordered was STALE.",0.9688402
"The ripped banana was not only ripped, but petrified and tasteless.",0.96872425
I promise they won't disappoint.,0.9686913
The food was outstanding and the prices were very reasonable.,0.9686551
"Try them in the airport to experience some tasty food and speedy, friendly service.",0.96859795
"I got to enjoy the seafood salad, with a fabulous vinegrette.",0.96855235
"I had strawberry tea, which was good.",0.9685047
"Ordered a double cheeseburger & got a single patty that was falling apart (picture uploaded) Yeah, still sucks.",0.9684407
The goat taco didn't skimp on the meat and wow what FLAVOR!,0.9683902
It was awesome.,0.96835756
The cashier had no care what so ever on what I had to say it still ended up being wayyy overpriced.,0.96827036
"Love this place, hits the spot when I want something healthy but not lacking in quantity or flavor.",0.96825814
I vomited in the bathroom mid lunch.,0.96825135
We started with the tuna sashimi which was brownish in color and obviously wasn't fresh.,0.9681858
I love this place.,0.96811485
I love this place.,0.96811485
The classic Maine Lobster Roll was fantastic.,0.9680844
"The service was a little slow , considering that were served by 3 people servers so the food was coming in a slow pace.",0.96806103
We've have gotten a much better service from the pizza place next door than the services we received from this restaurant.,0.96804637
They also have the best cheese crisp in town.,0.9679593
The food wasn't good.,0.96792257
We won't be returning.,0.9679008
"My brother in law who works at the mall ate here same day, and guess what he was sick all night too.",0.9678658
"We also ordered the spinach and avocado salad, the ingredients were sad and the dressing literally had zero taste.",0.9678354
The crêpe was delicate and thin and moist.,0.9678184
Delicious and I will absolutely be back!,0.9678122
The only downside is the service.,0.9678119
At least think to refill my water before I struggle to wave you over for 10 minutes.,0.9677852
I ordered the Lemon raspberry ice cocktail which was also incredible.,0.9676732
I've never been more insulted or felt disrespected.,0.9675264
"I don't each much pasta, but I love the homemade /hand made pastas and thin pizzas here.",0.9675031
Best of luck to the rude and non-customer service focused new management.,0.9674156
We waited for thirty minutes to be seated (although there were 8 vacant tables and we were the only folks waiting).,0.9672225
"Best Buffet in town, for the price you cannot beat it.",0.9671276
Your staff spends more time talking to themselves than me.,0.96703374
"However, my recent experience at this particular location was not so good.",0.9670061
"Maybe it's just their Vegetarian fare, but I've been twice and I thought it was average at best.",0.9669539
Highly unprofessional and rude to a loyal patron!,0.96687233
Definitely a turn off for me & i doubt I'll be back unless someone else is buying.,0.9668508
Just spicy enough.. Perfect actually.,0.96680903
I'm not eating here!,0.9667971
"Total letdown, I would much rather just go to the Camelback Flower Shop and Cartel Coffee.",0.96678925
"I was proven dead wrong by this sushi bar, not only because the quality is great, but the service is fast and the food, impeccable.",0.96674633
My drink was never empty and he made some really great menu suggestions.,0.9667418
The place was fairly clean but the food simply wasn't worth it.,0.9666954
From what my dinner companions told me...everything was very fresh with nice texture and taste.,0.966672
I really enjoyed Crema Café before they expanded. I even told friends they had the BEST breakfast.,0.96653026
"Then, as if I hadn't wasted enough of my life there, they poured salt in the wound by drawing out the time it took to bring the check.",0.9665271
OMG I felt like I had never eaten Thai food until this dish.,0.9664447
They had a toro tartare with a cavier that was extraordinary and I liked the thinly sliced wagyu with white truffle.,0.96639115
Food was average at best.,0.9662549
I hope this place sticks around.,0.96615016
Check it out.,0.9660653
After I pulled up my car I waited for another 15 minutes before being acknowledged.,0.9660067
this was a different cut than the piece the other day but still wonderful and tender s well as well flavored.,0.96598387
I didn't know pulled pork could be soooo delicious.,0.96589434
-My order was not correct.,0.9658391
My boyfriend and i sat at the bar and had a completely delightful experience.,0.965793
I paid the bill but did not tip because I felt the server did a terrible job.,0.9657756
Great service and food.,0.96577543
It was equally awful.,0.9657705
The management is rude.,0.9657229
We literally sat there for 20 minutes with no one asking to take our order.,0.96569276
Wow... Loved this place.,0.9656707
They were excellent.,0.96563387
Their rotating beers on tap is also a highlight of this place.,0.9656194
I had the opportunity today to sample your amazing pizzas!,0.965557
"Third, the cheese on my friend's burger was cold.",0.96536857
I could eat their bruschetta all day it is devine.,0.9652778
This one is simply a disappointment.,0.96527267
An excellent new restaurant by an experienced Frenchman.,0.9652517
Hard to judge whether these sides were good because we were grossed out by the melted styrofoam and didn't want to eat it for fear of getting sick.,0.96518195
It really is impressive that the place hasn't closed down.,0.9651177
Please stay away from the shrimp stir fried noodles.,0.96511275
We aren't ones to make a scene at restaurants but I just don't get it...definitely lost the love after this one!,0.9650565
I have never had such bland food which surprised me considering the article we read focused so much on their spices and flavor.,0.96503085
"After 20 minutes wait, I got a table.",0.9648378
"They will customize your order any way you'd like, my usual is Eggplant with Green Bean stir fry, love it!",0.9648361
It was a pale color instead of nice and char and has NO flavor.,0.96478605
Omelets are to die for!,0.9647475
"They could serve it with just the vinaigrette and it may make for a better overall dish, but it was still very good.",0.96469885
I can assure you that you won't be disappointed.,0.9646909
Waiter was a jerk.,0.9645902
"Their menu is diverse, and reasonably priced.",0.9645064
"Main thing I didn't enjoy is that the crowd is of older crowd, around mid 30s and up.",0.96448606
CONCLUSION: Very filling meals.,0.9644855
I will be back many times soon.,0.964436
The RI style calamari was a joke.,0.96436805
The waitresses are very friendly.,0.964314
This is an Outstanding little restaurant with some of the Best Food I have ever tasted.,0.96428794
What a mistake.,0.96427613
The staff was very attentive.,0.9642619
This is a GREAT place to eat!,0.96424174
Do not waste your money here!,0.9642131
The service was poor and thats being nice.,0.9641303
I ordered Albondigas soup - which was just warm - and tasted like tomato soup with frozen meatballs.,0.96410495
Not much seafood and like 5 strings of pasta at the bottom.,0.96404827
Kids pizza is always a hit too with lots of great side dish options for the kiddos!,0.9640336
The server was very negligent of our needs and made us feel very unwelcome... I would not suggest this place!,0.96401477
I guess maybe we went on an off night but it was disgraceful.,0.9639924
We got the food and apparently they have never heard of salt and the batter on the fish was chewy.,0.96395266
"The food sucked, which we expected but it sucked more than we could have imagined.",0.9639351
We could not believe how dirty the oysters were!,0.9639151
"Oh this is such a thing of beauty, this restaurant.",0.96383846
It's worth driving up from Tucson!,0.96373296
"How can you call yourself a steakhouse if you can't properly cook a steak, I don't understand!",0.9636601
I think food should have flavor and texture and both were lacking.,0.96364427
Now the pizza itself was good the peanut sauce was very tasty.,0.9635962
"The sides are delish - mixed mushrooms, yukon gold puree, white corn - beateous.",0.96356046
The pancake was also really good and pretty large at that.,0.9635421
"This place is pretty good, nice little vibe in the restaurant.",0.9635354
"I'd rather eat airline food, seriously.",0.96348
There is nothing privileged about working/eating there.,0.9634303
Awesome service and food.,0.96340877
We were promptly greeted and seated.,0.9633796
The food is good.,0.96336925
They have a really nice atmosphere.,0.9632396
The fried rice was dry as well.,0.9631793
My wife had the Lobster Bisque soup which was lukewarm.,0.96308947
It wasn't busy at all and now we know why.,0.96308625
The servers are not pleasant to deal with and they don't always honor Pizza Hut coupons.,0.9630747
"I started this review with two stars, but I'm editing it to give it only one.",0.9630376
It was probably dirt.,0.9629944
Which are small and not worth the price.,0.9629756
It is worth the drive.,0.9628852
Service is also cute.,0.96281016
But then they came back cold.,0.96280485
Best fish I've ever had in my life!,0.9627148
"The staff is super nice and very quick even with the crazy crowds of the downtown juries, lawyers, and court staff.",0.96268785
The cashew cream sauce was bland and the vegetables were undercooked.,0.9626612
Wow very spicy but delicious.,0.962654
I seriously cannot believe that the owner has so many unexperienced employees that all are running around like chickens with their heads cut off.,0.9626405
My boyfriend tried the Mediterranean Chicken Salad and fell in love.,0.96250486
The food is very good for your typical bar food.,0.9624541
If you want a sandwich just go to any Firehouse!!!!!,0.9624095
Food was really good and I got full petty fast.,0.96221286
The food was very good.,0.9622042
The patio seating was very comfortable.,0.9622009
Service was slow and not attentive.,0.9621993
We had a group of 70+ when we claimed we would only have 40 and they handled us beautifully.,0.96217996
If someone orders two tacos don't' you think it may be part of customer service to ask if it is combo or ala cart?,0.9621778
I dont think I will be back for a very long time.,0.96214646
Food was below average.,0.9621066
Some may say this buffet is pricey but I think you get what you pay for and this place you are getting quite a lot!,0.96210325
The seasonal fruit was fresh white peach puree.,0.9620521
This is the place where I first had pho and it was amazing!!,0.9619703
"The only good thing was our waiter, he was very helpful and kept the bloddy mary's coming.",0.9619492
Everything was good and tasty!,0.9618938
"Phenomenal food, service and ambiance.",0.96187407
"Hawaiian Breeze, Mango Magic, and Pineapple Delight are the smoothies that I've tried so far and they're all good.",0.96187294
I've had better atmosphere.,0.9617902
The menu had so much good stuff on it i could not decide!,0.96167886
The problem I have is that they charge $11.99 for a sandwich that is no bigger than a Subway sub (which offers better and more amount of vegetables).,0.9616755
"Thus far, have only visited twice and the food was absolutely delicious each time.",0.96164286
Now I am getting angry and I want my damn pho.,0.96158075
"Hot dishes are not hot, cold dishes are close to room temp.I watched staff prepare food with BARE HANDS, no gloves.Everything is deep fried in oil.",0.96155137
We waited for forty five minutes in vain.,0.9614414
"Great food and service, huge portions and they give a military discount.",0.9613971
"Service is quick and even ""to go"" orders are just like we like it!",0.96136564
"When I'm on this side of town, this will definitely be a spot I'll hit up again!",0.9613418
What I really like there is the crepe station.,0.9612467
Ordered an appetizer and took 40 minutes and then the pizza another 10 minutes.,0.96123695
I never come again.,0.96105933
The seafood was fresh and generous in portion.,0.96103656
"I gave it 5 stars then, and I'm giving it 5 stars now.",0.9610123
The desserts were a bit strange.,0.9607692
I love the fact that everything on their menu is worth it.,0.96076614
the presentation of the food was awful.,0.96075076
I'm not impressed with the concept or the food.,0.9607327
I'm super pissd.,0.9607309
I had a seriously solid breakfast here.,0.9607083
Great time - family dinner on a Sunday night.,0.96068925
Things that went wrong: - They burned the saganaki.,0.9605165
"Worst service to boot, but that is the least of their worries.",0.96051437
Our server was very nice and attentive as were the other serving staff.,0.9604903
We had 7 at our table and the service was pretty fast.,0.9604641
And the beans and rice were mediocre at best.,0.96041524
"One nice thing was that they added gratuity on the bill since our party was larger than 6 or 8, and they didn't expect more tip than that.",0.96038896
A FLY was in my apple juice.. A FLY!!!!!!!!,0.96035945
"Come hungry, leave happy and stuffed!",0.9603449
"The service was great, even the manager came and helped with our table.",0.9602595
The turkey and roast beef were bland.,0.96025693
This place is disgusting!,0.960227
I wouldn't return.,0.96022385
Service is perfect and the family atmosphere is nice to see.,0.9601832
"Of all the dishes, the salmon was the best, but all were great.",0.9601746
"OMG, the food was delicioso!",0.96015847
"If you want healthy authentic or ethic food, try this place.",0.960098
"Strike 2, who wants to be rushed.",0.96009713
"The chains, which I'm no fan of, beat this place easily.",0.9600705
"The fries were not hot, and neither was my burger.",0.960014
Once your food arrives it's meh.,0.9600009
The pizza selections are good.,0.959999
"My breakfast was perpared great, with a beautiful presentation of 3 giant slices of Toast, lightly dusted with powdered sugar.",0.95993584
"Anyways, The food was definitely not filling at all, and for the price you pay you should expect more.",0.9598809
The service was extremely slow.,0.95964056
The flair bartenders are absolutely amazing!,0.9596385
Just don't know why they were so slow.,0.95961976
"Took an hour to get our food only 4 tables in restaurant my food was Luke warm, Our sever was running around like he was totally overwhelmed.",0.9593697
This is my new fav Vegas buffet spot.,0.9592253
"I've had better, not only from dedicated boba tea spots, but even from Jenni Pho.",0.9591836
Definitely not worth the $3 I paid.,0.9591595
"Give it a try, you will be happy you did.",0.9591476
Fantastic service here.,0.95913875
He deserves 5 stars.,0.95910394
I dressed up to be treated so rudely!,0.9590855
"Nice, spicy and tender.",0.9590758
I *heart* this place.,0.9588829
I will continue to come here on ladies night andddd date night ... highly recommend this place to anyone who is in the area.,0.95879316
I was seated immediately.,0.95869964
"They have horrible attitudes towards customers, and talk down to each one when customers don't enjoy their food.",0.9586867
"For service, I give them no stars.",0.9586818
"The burger had absolutely no flavor - the meat itself was totally bland, the burger was overcooked and there was no charcoal flavor.",0.95866334
We've tried to like this place but after 10+ times I think we're done with them.,0.95859194
"The food was very good and I enjoyed every mouthful, an enjoyable relaxed venue for couples small family groups etc.",0.9585398
A lady at the table next to us found a live green caterpillar In her salad.,0.95852524
The inside is really quite nice and very clean.,0.9584514
Service was excellent and prices are pretty reasonable considering this is Vegas and located inside the Crystals shopping mall by Aria.,0.95844156
Waitress was a little slow in service.,0.95831275
This is a great restaurant at the Mandalay Bay.,0.9582062
"There is really nothing for me at postinos, hope your experience is better",0.9581674
The croutons also taste homemade which is an extra plus.,0.9581483
This place has a lot of promise but fails to deliver.,0.95814395
Update.....went back for a second time and it was still just as amazing,0.958095
Con: spotty service.,0.9580755
Pricing is a bit of a concern at Mellow Mushroom.,0.95801556
"The wontons were thin, not thick and chewy, almost melt in your mouth.",0.95799327
The shrimp tender and moist.,0.9578389
I had a pretty satifying experience.,0.9577732
Pretty awesome place.,0.9577669
We ordered the duck rare and it was pink and tender on the inside with a nice char on the outside.,0.95769346
It was not good.,0.95763576
The cocktails are all handmade and delicious.,0.95759505
The Han Nan Chicken was also very tasty.,0.9574312
"The building itself seems pretty neat, the bathroom is pretty trippy, but I wouldn't eat here again.",0.95740044
After the disappointing dinner we went elsewhere for dessert.,0.9573897
Great place to relax and have an awesome burger and beer.,0.9573722
"Also there are combos like a burger, fries, and beer for 23 which is a decent deal.",0.95731854
"I really do recommend this place, you can go wrong with this donut place!",0.95731485
"Love the margaritas, too!",0.95730376
"On the ground, right next to our table was a large, smeared, been-stepped-in-and-tracked-everywhere pile of green bird poop.",0.95722944
"Now the burgers aren't as good, the pizza which used to be amazing is doughy and flavorless.",0.9571519
One of the few places in Phoenix that I would definately go back to again .,0.9570962
The manager was the worst.,0.9570113
Went for lunch - service was slow.,0.9569602
The ambiance isn't much better.,0.9568058
"Level 5 spicy was perfect, where spice didn't over-whelm the soup.",0.9567309
"On a positive note, our server was very attentive and provided great service.",0.9566995
It was delicious!!!,0.9566834
Food was great and so was the serivce!,0.9566281
"Good food , good service .",0.95662344
Damn good steak.,0.9566227
The jalapeno bacon is soooo good.,0.9565761
And it was way to expensive.,0.95657444
Couldn't ask for a more satisfying meal.,0.9565277
"I LOVED their mussels cooked in this wine reduction, the duck was tender, and their potato dishes were delicious.",0.9564823
I got home to see the driest damn wings ever!,0.9564065
I would definitely recommend the wings as well as the pizza.,0.9563924
"We had so much to say about the place before we walked in that he expected it to be amazing, but was quickly disappointed.",0.95635635
My sashimi was poor quality being soggy and tasteless.,0.956233
Don't waste your time here.,0.9561193
Waitress was sweet and funny.,0.95607316
!....THE OWNERS REALLY REALLY need to quit being soooooo cheap let them wrap my freaking sandwich in two papers not one!,0.95605254
"The Wife hated her meal (coconut shrimp), and our friends really did not enjoy their meals, either.",0.9560465
Always a pleasure dealing with him.,0.95601106
We definately enjoyed ourselves.,0.9559339
Ordered burger rare came in we'll done.,0.95586926
We were sat right on time and our server from the get go was FANTASTIC!,0.9558625
By far the BEST cheesecurds we have ever had!,0.9558592
"If you're not familiar, check it out.",0.9558094
RUDE & INCONSIDERATE MANAGEMENT.,0.95576066
High-quality chicken on the chicken Caesar salad.,0.95571077
"What SHOULD have been a hilarious, yummy Christmas Eve dinner to remember was the biggest fail of the entire trip for us.",0.95569944
The atmosphere here is fun.,0.9556829
Each day of the week they have a different deal and it's all so delicious!,0.9555954
Some highlights : Great quality nigiri here!,0.9555879
They really want to make your experience a good one.,0.955582
"Anyway, this FS restaurant has a wonderful breakfast/lunch.",0.9555458
"The staff are now not as friendly, the wait times for being served are horrible, no one even says hi for the first 10 minutes.",0.9554546
"Lastly, the mozzarella sticks, they were the best thing we ordered.",0.9553343
Nice ambiance.,0.9552096
"Our server was very nice, and even though he looked a little overwhelmed with all of our needs, he stayed professional and friendly until the end.",0.9551775
We enjoy their pizza and brunch.,0.9551593
What a mistake that was!,0.9551049
The selection on the menu was great and so were the prices.,0.95505065
So good I am going to have to review this place twice - once hereas a tribute to the place and once as a tribute to an event held here last night.,0.95482415
Ambience is perfect.,0.95479584
This is a really fantastic Thai restaurant which is definitely worth a visit.,0.9547808
This place is hands-down one of the best places to eat in the Phoenix metro area.,0.9547735
"All in all, Ha Long Bay was a bit of a flop.",0.9547597
The WORST EXPERIENCE EVER.,0.9547514
As a sushi lover avoid this place by all means.,0.95474344
The ambience is wonderful and there is music playing.,0.9547245
The cow tongue and cheek tacos are amazing.,0.9546219
An extensive menu provides lots of options for breakfast.,0.9545572
"As for the service: I'm a fan, because it's quick and you're being served by some nice folks.",0.95455563
Awful service.,0.9544956
The staff are also very friendly and efficient.,0.9544757
How awesome is that.,0.9544066
I probably won't be coming back here.,0.95432574
The bathrooms are clean and the place itself is well decorated.,0.9543121
Eew... This location needs a complete overhaul.,0.954298
Everything was fresh and delicious!,0.95426965
"the food is not tasty at all, not to say its ""real traditional Hunan style"".",0.9541811
I was disgusted because I was pretty sure that was human hair.,0.954177
This is a disgrace.,0.9541594
"He also came back to check on us regularly, excellent service.",0.95411205
Everything was gross.,0.95409226
Won't ever go here again.,0.9540772
"not even a ""hello, we will be right with you.""",0.95403653
"Will never, ever go back.",0.9540063
2 times - Very Bad Customer Service !,0.9540006
"Very convenient, since we were staying at the MGM!",0.9538686
Nothing special.,0.95380366
We loved the biscuits!!!,0.9537209
Don't bother coming here.,0.95364785
My ribeye steak was cooked perfectly and had great mesquite flavor.,0.95363766
"I have been here several times in the past, and the experience has always been great.",0.95362186
"Plus, it's only 8 bucks.",0.95359766
I can say that the desserts were yummy.,0.9534484
This place is great!!!!!!!!!!!!!!,0.9533884
The sweet potato fries were very good and seasoned well.,0.9533614
Their chow mein is so good!,0.95334697
I consider this theft.,0.9532908
The plantains were the worst I've ever tasted.,0.9530977
"Overall, a great experience.",0.9530834
Good Service-check!,0.9529915
Best tacos in town by far!!,0.95292395
Bacon is hella salty.,0.9529164
Great place fo take out or eat in.,0.9529
The poor batter to meat ratio made the chicken tenders very unsatisfying.,0.95288044
walked in and the place smelled like an old grease trap and only 2 others there eating.,0.95271915
WAAAAAAyyyyyyyyyy over rated is all I am saying.,0.95268786
"The burger is good beef, cooked just right.",0.95256805
When I received my Pita it was huge it did have a lot of meat in it so thumbs up there.,0.9524995
There was hardly any meat.,0.9524802
The black eyed peas and sweet potatoes... UNREAL!,0.9524071
The chefs were friendly and did a good job.,0.9523915
"Seriously flavorful delights, folks.",0.95229363
Won't go back.,0.9522817
Avoid at all cost!,0.95225304
Much better than the other AYCE sushi place I went to in Vegas.,0.9519843
I recently tried Caballero's and I have been back every week since!,0.95192885
The only thing I wasn't too crazy about was their guacamole as I don't like it puréed.,0.9518916
The atmosphere was great with a lovely duo of violinists playing songs we requested.,0.9518308
Great place to have a couple drinks and watch any and all sporting events as the walls are covered with TV's.,0.95182085
"Lordy, the Khao Soi is a dish that is not to be missed for curry lovers!",0.95172656
"Very good food, great atmosphere.1",0.95172083
WILL NEVER EVER GO BACK AND HAVE TOLD MANY PEOPLE WHAT HAD HAPPENED.,0.95170856
"Similarly, the delivery man did not say a word of apology when our food was 45 minutes late.",0.95165086
"Furthermore, you can't even find hours of operation on the website!",0.9515027
the potatoes were great and so was the biscuit.,0.95145607
The Veggitarian platter is out of this world!,0.9513756
"Went in for happy hour, great list of wines.",0.9513533
We'd definitely go back here again.,0.95130324
Have been going since 2007 and every meal has been awesome!!,0.9512907
The place was not clean and the food oh so stale!,0.95118773
"I mean really, how do you get so famous for your fish and chips when it's so terrible!?!",0.9510579
"To summarize... the food was incredible, nay, transcendant... but nothing brings me joy quite like the memory of the pneumatic condiment dispenser.",0.95101273
The bus boy on the other hand was so rude.,0.9509833
The vanilla ice cream was creamy and smooth while the profiterole (choux) pastry was fresh enough.,0.9509211
Very good lunch spot.,0.9509039
"Good service, very clean, and inexpensive, to boot!",0.9507363
Never had anything to complain about here.,0.9506371
I don't think I'll be running back to Carly's anytime soon for food.,0.950598
"You get incredibly fresh fish, prepared with care.",0.9505466
Great Pizza and Salads!,0.9505439
Fantastic food!,0.95042825
What a great double cheeseburger!,0.9504278
The steaks are all well trimmed and also perfectly cooked.,0.9503711
Google mediocre and I imagine Smashburger will pop up.,0.9502903
My fella got the huevos rancheros and they didn't look too appealing.,0.95017076
The cashier was friendly and even brought the food out to me.,0.9501068
"Everyone is very attentive, providing excellent customer service.",0.9500296
"The food is delicious and just spicy enough, so be sure to ask for spicier if you prefer it that way.",0.95000553
"Good value, great food, great service.",0.9499563
The bartender was also nice.,0.94993246
"The food, amazing.",0.9499019
I had to wait over 30 minutes to get my drink and longer to get 2 arepas.,0.94981337
My husband said she was very rude... did not even apologize for the bad food or anything.,0.9496808
I don't recommend unless your car breaks down in front of it and you are starving.,0.94962937
This place is two thumbs up....way up.,0.9494207
After all the rave reviews I couldn't wait to eat here......what a disappointment!,0.9493799
"i felt insulted and disrespected, how could you talk and judge another human being like that?",0.94930464
Would come back again if I had a sushi craving while in Vegas.,0.949225
Very very fun chef.,0.94920063
Extremely Tasty!,0.94919914
Service sucks.,0.94910026
very tough and very short on flavor!,0.9488759
The sweet potato tots were good but the onion rings were perfection or as close as I have had.,0.94875187
We recently witnessed her poor quality of management towards other guests as well.,0.9486547
If you are reading this please don't go there.,0.94860476
Penne vodka excellent!,0.94847596
This place is amazing!,0.948434
"This is was due to the fact that it took 20 minutes to be acknowledged, then another 35 minutes to get our food...and they kept forgetting things.",0.94839835
My friend did not like his Bloody Mary.,0.948349
Bland... Not a liking this place for a number of reasons and I don't want to waste time on bad reviewing.. I'll leave it at that...,0.9481474
"As for the ""mains,"" also uninspired.",0.94813514
"And the drinks are WEAK, people!",0.94805056
Good beer & drink selection and good food selection.,0.94793737
The real disappointment was our waiter.,0.94776607
Generous portions and great taste.,0.9477447
"For about 10 minutes, we we're waiting for her salad when we realized that it wasn't coming any time soon.",0.9476922
This was my first and only Vegas buffet and it did not disappoint.,0.9476296
This place receives stars for their APPETIZERS!!!,0.94754285
"The service was terrible, food was mediocre.",0.94752383
The food was excellent and service was very good.,0.9474963
The chips and sals a here is amazing!!!!!!!!!!!!!!!!!!!,0.94735736
It was packed!!,0.9472531
We waited an hour for what was a breakfast I could have done 100 times better at home.,0.94694686
"Not much flavor to them, and very poorly constructed.",0.9469319
"Back to good BBQ, lighter fare, reasonable pricing and tell the public they are back to the old ways.",0.9468876
And the chef was generous with his time (even came around twice so we can take pictures with him).,0.9468099
Seriously killer hot chai latte.,0.94676876
I waited and waited.,0.9466606
Maybe if they weren't cold they would have been somewhat edible.,0.9466531
You won't be disappointed.,0.946643
"If you love authentic Mexican food and want a whole bunch of interesting, yet delicious meats to choose from, you need to try this place.",0.94658816
- They never brought a salad we asked for.,0.9464159
"I also had to taste my Mom's multi-grain pumpkin pancakes with pecan butter and they were amazing, fluffy, and delicious!",0.94640124
Service was exceptional and food was a good as all the reviews.,0.9463329
Food was really boring.,0.946296
Great food and awesome service!,0.94622207
Eclectic selection.,0.9461689
The fries were great too.,0.9460694
It also took her forever to bring us the check when we asked for it.,0.94597775
And service was super friendly.,0.9459296
We made the drive all the way from North Scottsdale... and I was not one bit disappointed!,0.9458782
Service stinks here!,0.9458459
Go To Place for Gyros.,0.9457022
I work in the hospitality industry in Paradise Valley and have refrained from recommending Cibo any longer.,0.9454685
Waited 2 hours & never got either of our pizzas as many other around us who came in later did!,0.94535923
Boy was that sucker dry!!.,0.9452777
But the service was beyond bad.,0.9452771
Cooked to perfection and the service was impeccable.,0.94523335
"Despite how hard I rate businesses, its actually rare for me to give a 1 star.",0.94520134
Food is way overpriced and portions are fucking small.,0.9452004
This place lacked style!!,0.9450388
"It was either too cold, not enough flavor or just bad.",0.94499713
Will go back next trip out.,0.9449778
Do yourself a favor and stay away from this dish.,0.9447466
I asked multiple times for the wine list and after some time of being ignored I went to the hostess and got one myself.,0.94474137
AN HOUR... seriously?,0.9445461
"like the other reviewer said ""you couldn't pay me to eat at this place again.""",0.9444872
Service was good and the company was better!,0.9444388
"The atmosphere is modern and hip, while maintaining a touch of coziness.",0.94442344
All the bread is made in-house!,0.9442651
The Greek dressing was very creamy and flavorful.,0.94424164
The scallop dish is quite appalling for value as well.,0.94408906
"This was my first crawfish experience, and it was delicious!",0.9439381
A great touch.,0.9439378
"The chips and salsa were really good, the salsa was very fresh.",0.94379455
Very disappointing!!!,0.94361734
I LOVED it!,0.9434621
Not my thing.,0.9434544
Don't do it!!!!,0.9433709
"REAL sushi lovers, let's be honest - Yama is not that good.",0.943024
"a drive thru means you do not want to wait around for half an hour for your food, but somehow when we end up going here they make us wait and wait.",0.9428153
I could care less... The interior is just beautiful.,0.94278985
The selection of food was not the best.,0.942745
Seafood was limited to boiled shrimp and crab legs but the crab legs definitely did not taste fresh.,0.9426813
Will not be back!,0.9426103
Terrible management.,0.9425496
Dessert: Panna Cotta was amazing.,0.94244665
But I don't like it.,0.94243896
The owners are super friendly and the staff is courteous.,0.9424158
- the food is rich so order accordingly.,0.9422438
We are so glad we found this place.,0.9420625
Will not be back.,0.94149804
Soggy and not good.,0.94147044
"All in all an excellent restaurant highlighted by great service, a unique menu, and a beautiful setting.",0.9410676
"A greasy, unhealthy meal.",0.94071555
This place has it!,0.9406153
"Very good, though!",0.940415
Would not go back.,0.9404128
Just as good as when I had it more than a year ago!,0.9402591
"Your servers suck, wait, correction, our server Heimer sucked.",0.94023085
"The staff is great, the food is delish, and they have an incredible beer selection.",0.94017553
The live music on Fridays totally blows.,0.9401648
It is PERFECT for a sit-down family meal or get together with a few friends.,0.9401181
Overall I wasn't very impressed with Noca.,0.9399908
She was quite disappointed although some blame needs to be placed at her door.,0.9399525
I was mortified.,0.9395838
"Very, very sad.",0.9394605
Join the club and get awesome offers via email.,0.93926764
Def coming back to bowl next time,0.9392261
I will not return.,0.9392189
Favorite place in town for shawarrrrrrma!!!!!!,0.93878865
Mediocre food.,0.93857694
"The food was delicious, our bartender was attentive and personable AND we got a great deal!",0.9385694
The steak was amazing...rge fillet relleno was the best seafood plate i have ever had!,0.9384912
Worst martini ever!,0.93809754
TOTAL WASTE OF TIME.,0.9380865
"I do love sushi, but I found Kabuki to be over-priced, over-hip and under-services.",0.9379866
Left very frustrated.,0.9379609
But now I was completely grossed out.,0.93787104
"If it were possible to give them zero stars, they'd have it.",0.93768275
Sauce was tasteless.,0.9375397
"We got sitting fairly fast, but, ended up waiting 40 minutes just to place our order, another 30 minutes before the food arrived.",0.9374473
I found a six inch long piece of wire in my salsa.,0.9371211
Good prices.,0.937116
"The decor is nice, and the piano music soundtrack is pleasant.",0.93708515
did not like at all.,0.9370643
Their regular toasted bread was equally satisfying with the occasional pats of butter... Mmmm...!,0.9370588
A fantastic neighborhood gem !!!,0.93690807
Spend your money and time some place else.,0.9368893
The price is reasonable and the service is great.,0.9367953
"In the summer, you can dine in a charming outdoor patio - so very delightful.",0.93676865
The service was outshining & I definitely recommend the Halibut.,0.93675756
The vegetables are so fresh and the sauce feels like authentic Thai.,0.93661404
"The staff is always super friendly and helpful, which is especially cool when you bring two small boys and a baby!",0.93634045
They also now serve Indian naan bread with hummus and some spicy pine nut sauce that was out of this world.,0.93616843
"Great steak, great sides, great wine, amazing desserts.",0.9358982
Never going back.,0.9354892
The tables outside are also dirty a lot of the time and the workers are not always friendly and helpful with the menu.,0.935282
Not good by any stretch of the imagination.,0.9352238
"Point your finger at any item on the menu, order it and you won't be disappointed.",0.9350512
What happened next was pretty....off putting.,0.93485105
It was a huge awkward 1.5lb piece of cow that was 3/4ths gristle and fat.,0.93462455
"Great Subway, in fact it's so good when you come here every other Subway will not meet your expectations.",0.9345306
A great way to finish a great.,0.93411124
"Not to mention the combination of pears, almonds and bacon is a big winner!",0.934015
I was VERY disappointed!!,0.9339976
I'll definitely be in soon again.,0.9339186
You cant go wrong with any of the food here.,0.93389535
"Stopped by this place while in Madison for the Ironman, very friendly, kind staff.",0.9338845
DELICIOUS!!,0.9337071
For that price I can think of a few place I would have much rather gone.,0.93297637
Their steaks are 100% recommended!,0.9327098
Cant say enough good things about this place.,0.9322381
"This hole in the wall has great Mexican street tacos, and friendly staff.",0.93220794
Pretty good beer selection too.,0.932193
That's right....the red velvet cake.....ohhh this stuff is so good.,0.93197227
The sergeant pepper beef sandwich with auju sauce is an excellent sandwich as well.,0.93179095
Very poor service.,0.931684
So don't go there if you are looking for good food...,0.9315558
I probably would not go here again.,0.9315073
"The deal included 5 tastings and 2 drinks, and Jeff went above and beyond what we expected.",0.93137527
"Overall, I don't think that I would take my parents to this place again because they made most of the similar complaints that I silently felt too.",0.9313562
"Bad day or not, I have a very low tolerance for rude customer service people, it is your job to be nice and polite, wash dishes otherwise!!",0.9313238
Will be back again!,0.9312749
"Delicious NYC bagels, good selections of cream cheese, real Lox with capers even.",0.93126345
the staff is friendly and the joint is always clean.,0.9310395
"I know this is not like the other restaurants at all, something is very off here!",0.9307854
I took back my money and got outta there.,0.930485
Worst food/service I've had in a while.,0.9302652
Im in AZ all the time and now have my new spot.,0.93009627
"This place is not quality sushi, it is not a quality restaurant.",0.929722
Interesting decor.,0.9292575
Appetite instantly gone.,0.92905927
"Never been to Hard Rock Casino before, WILL NEVER EVER STEP FORWARD IN IT AGAIN!",0.9290432
It'll be a regular stop on my trips to Phoenix!,0.9285773
"It was attached to a gas station, and that is rarely a good sign.",0.928458
So absolutley fantastic.,0.9279199
The Jamaican mojitos are delicious.,0.9276617
"Definitely worth venturing off the strip for the pork belly, will return next time I'm in Vegas.",0.9275918
"Cute, quaint, simple, honest.",0.92748857
Great pork sandwich.,0.92742336
Great food.,0.92696285
Overpriced for what you are getting.,0.9268218
Would not recommend to others.,0.9267755
"Be sure to order dessert, even if you need to pack it to-go - the tiramisu and cannoli are both to die for.",0.92641693
it was a drive to get there.,0.92640615
"Great food for the price, which is very high quality and house made.",0.9263813
"Host staff were, for lack of a better word, BITCHES!",0.9262394
So they performed.,0.92574
"The shower area is outside so you can only rinse, not take a full shower, unless you don't mind being nude for everyone to see!",0.9256878
Awesome selection of beer.,0.9254838
"The service was not up to par, either.",0.92500126
"The chicken dishes are OK, the beef is like shoe leather.",0.92470753
Great brunch spot.,0.924481
"The sangria was about half of a glass wine full and was $12, ridiculous.",0.9241767
"Classy/warm atmosphere, fun and fresh appetizers, succulent steaks (Baseball steak!!!!!",0.9239949
"Probably never coming back, and wouldn't recommend it.",0.92385644
So we went to Tigerlilly and had a fantastic afternoon!,0.9237809
Service is quick and friendly.,0.9235108
Gave up trying to eat any of the crust (teeth still sore).,0.92330813
Best tater tots in the southwest.,0.9229245
Over rated.,0.92288804
Reasonably priced also!,0.92288387
-Drinks took close to 30 minutes to come out at one point.,0.9227474
Stopped by during the late May bank holiday off Rick Steve recommendation and loved it.,0.92217124
5 stars for the brick oven bread app!,0.9220811
"That just SCREAMS ""LEGIT"" in my book...somethat's also pretty rare here in Vegas.",0.92190623
I swung in to give them a try but was deeply disappointed.,0.9216355
Very friendly staff.,0.9211505
Worst Thai ever.,0.92106277
This wonderful experience made this place a must-stop whenever we are in town again.,0.921027
Spend your money elsewhere.,0.92086947
If you haven't gone here GO NOW!,0.92055756
And then tragedy struck.,0.92048943
Must have been an off night at this place.,0.9201327
The roast beef sandwich tasted really good!,0.9200732
Weird vibe from owners.,0.91991544
He was terrible!,0.9199096
Ample portions and good prices.,0.9197629
Total brunch fail.,0.9194569
Nicest Chinese restaurant I've been in a while.,0.91943026
Highly recommended.,0.9193803
Everything on the menu is terrific and we were also thrilled that they made amazing accommodations for our vegetarian daughter.,0.91916883
"The staff are great, the ambiance is great.",0.91898346
"The ambiance here did not feel like a buffet setting, but more of a douchey indoor garden for tea and biscuits.",0.91880965
"I have watched their prices inflate, portions get smaller and management attitudes grow rapidly!",0.9186848
"Our server was fantastic and when he found out the wife loves roasted garlic and bone marrow, he added extra to our meal and another marrow to go!",0.91811204
Sooooo good!!,0.91769934
Owner's are really great people.!,0.9162142
"Also were served hot bread and butter, and home made potato chips with bacon bits on top....very original and very good.",0.91587687
Very Very Disappointed ordered the $35 Big Bay Plater.,0.9157442
Pretty cool I would say.,0.91545886
"Prices are very reasonable, flavors are spot on, the sauce is home made, and the slaw is not drenched in mayo.",0.9153782
"We thought you'd have to venture further away to get good sushi, but this place really hit the spot that night.",0.91504693
first time there and might just be the last.,0.915025
First - the bathrooms at this location were dirty- Seat covers were not replenished & just plain yucky!!!,0.9146005
Service is friendly and inviting.,0.91432524
My husband and I ate lunch here and were very disappointed with the food and service.,0.91415745
Service was very prompt.,0.91348356
Best breakfast buffet!!!,0.9134612
Always a great time at Dos Gringos!,0.9131686
Disappointing experience.,0.9126575
Only Pros : Large seating area/ Nice bar area/ Great simple drink menu/ The BEST brick oven pizza with homemade dough!,0.9123997
"Great atmosphere, friendly and fast service.",0.91238976
2 Thumbs Up!!,0.912331
There is not a deal good enough that would drag me into that establishment again.,0.91215575
You can't beat that.,0.9116422
very slow at seating even with reservation.,0.9114747
dont go here.,0.91134524
"This place is overpriced, not consistent with their boba, and it really is OVERPRICED!",0.9110653
"I'm so happy to be here!!!""",0.9109128
The potato chip order was sad... I could probably count how many chips were in that box and it was probably around 12.,0.9102458
"Sorry, I will not be getting food from here anytime soon :(",0.910159
Never again will I be dining at this place!,0.909997
Restaurant is always full but never a wait.,0.90961397
Crust is not good.,0.9075619
"The guys all had steaks, and our steak loving son who has had steak at the best and worst places said it was the best steak he's ever eaten.",0.9074209
When my mom and I got home she immediately got sick and she only had a few bites of salad.,0.90703505
The best place to go for a tasty bowl of Pho!,0.9062848
"For a self proclaimed coffee cafe, I was wildly disappointed.",0.90515757
"Unfortunately, it only set us up for disapppointment with our entrees.",0.90485
"Food was good, service was good, Prices were good.",0.90419483
He came running after us when he realized my husband had left his sunglasses on the table.,0.9038522
Tasted like dirt.,0.9032906
"The descriptions said ""yum yum sauce"" and another said ""eel sauce"", yet another said ""spicy mayo""...well NONE of the rolls had sauces on them.",0.9018736
I'm probably one of the few people to ever go to Ians and not like it.,0.9015024
Waited and waited and waited.,0.9014504
"The menu is always changing, food quality is going down & service is extremely slow.",0.9005096
It was pretty gross!,0.89688075
Not good for the money.,0.8964165
It shouldn't take 30 min for pancakes and eggs.,0.8963369
Food quality has been horrible.,0.89447236
No complaints!,0.8930173
"Loved it...friendly servers, great food, wonderful and imaginative menu.",0.89231396
Probably not in a hurry to go back.,0.8907125
This place was such a nice surprise!,0.8886404
I as well would've given godfathers zero stars if possible.,0.8850758
The service was meh.,0.8848125
I immediately said I wanted to talk to the manager but I did not want to talk to the guy who was doing shots of fireball behind the bar.,0.8828852
"The servers went back and forth several times, not even so much as an ""Are you being helped?""",0.88060576
(The bathroom is just next door and very nice.),0.87847304
"The best place in Vegas for breakfast (just check out a Sat, or Sun.",0.87767017
Very bad Experience!,0.8773329
They dropped more than the ball.,0.87685275
definitely will come back here again.,0.85752475
The service was a bit lacking.,0.85579586
"Insults, profound deuchebaggery, and had to go outside for a smoke break while serving just to solidify it.",0.85193014
"For sushi on the Strip, this is the place to go.",0.8513277
A good time!,0.8500016
Terrible service!,0.8364779
An absolute must visit!,0.8233663
will definitely be back!,0.80057657
Hell no will I go back,0.79879135
Food was delicious!,0.79837906
This was like the final blow!,0.79724693
AVOID THIS ESTABLISHMENT!,0.79057205
Thoroughly disappointed!,0.78372025
Food arrived quickly!,0.7832048
I give it 2 thumbs down,0.77411747
* Both the Hot & Sour & the Egg Flower Soups were absolutely 5 Stars!,0.7659664
Waitress was good though!,0.7570486
The block was amazing.,0.7560414
say bye bye to your tip lady!,0.75448704
The Burrittos Blah!,0.75416607
Hands down my favorite Italian restaurant!,0.7468763
The Heart Attack Grill in downtown Vegas is an absolutely flat-lined excuse for a restaurant.,0.74550366
Both great!,0.7298398
I would recommend saving room for this!,0.7003116
you can watch them preparing the delicious food!),0.69753695
I think not again,0.6936535
The kids play area is NASTY!,0.6630467
The portion was huge!,0.66116333
"Best service and food ever, Maria our server was so good and friendly she made our day.",0.13105318
